"X1","X2","X3","X4","X5","X6","X7","X8","X9","X10","X11","X12","X13","X14","X15","X16","X17","X18","X19","X20","X21","X22","X23","X24","X25","X26","X27","X28","X29","X30","X31","X32","X33","X34","X35","X36","X37","X38","X39","X40","X41","X42","X43","X44","X45","X46","X47","X48","X49","X50","X51","X52","X53","X54","X55","X56","X57","X58","X59","X60","X61","X62","X63","X64","X65","X66","X67","X68"
3564.1696281514,13793.8840414944,1926.28455167994,12159.6015549385,2470.04095364785,2450.55454763757,3684.05194601554,969.468681034635,0,66.5656155157499,0,722.972470538424,334.924100198069,264.854550515125,0,721.976257016363,0,0,0,0,0,1948.01598919556,1950.41346551096,1894.46731424792,0,0,0,0,0,879.338266563925,0,0,0,530.315089604808,66.4375807707371,430.471993020409,0,1268.68830718831,0,0,296.960487485751,1688.29705828095,0,0,144.152582661599,65.0838668115641,222.522825714972,773.090830873702,0,0,0,0,291.965758504407,177.37665435178,236.157087305416,232.268159702309,0,0,0,0,1220.50338804829,0,0,230.437861113421,736.798102583362,739.593508265209,1717.7612408725,870.966569563938
1174.29984853538,980.625251100329,1842.99707155072,1215.43087612944,732.235296540193,0,3221.34972629234,501.000402195369,0,0,365.633307268983,0,0,0,91.4746694920669,0,0,0,0,0,0,0,0,0,2674.86783766161,36.7451834623653,0,112.049585155918,0,181.947935834794,268.36375835747,334.723844645231,0,0,0,0,734.79476601122,728.779072117374,3740.92385741787,754.228121693053,91.0688983855967,0,0,257.015646097729,411.284396583002,424.245770644422,261.190214261445,1125.55327396725,0,180.163885741945,0,0,0,0,0,0,0,0,0,0,64.2299614284036,393.639080754141,57.3485020786749,52.894444857162,275.970725056441,1325.21925701983,187.989620460721,2306.38411563555
1180.39448132465,1119.75242507949,1176.82108141362,1931.53241819062,879.831056080526,558.485662737294,1709.85528248062,606.597171384245,269.547306505979,162.05145596164,121.719316911148,437.329629151917,0,0,0,0,0,175.126626723087,0,0,0,0,0,0,0,263.181306646437,0,0,0,0,0,0,0,0,0,0,197.773731084537,609.245431132396,397.864396380843,1595.97364911183,0,0,0,217.920749686234,15.2862915428741,46.9970258107262,32.0999099351684,141.093483019377,0,0,0,0,0,0,0,0,0,0,0,233.199422309777,41.5633059582499,0,166.00758778626,217.787943342885,80.678542021034,54.2763511741419,32.507272294755,363.054622834953
613.559046887628,1178.10411410739,918.558434998768,814.610810079885,0,434.071031045218,0,239.827868099553,0,0,0,0,0,0,0,0,0,0,0,0,0,0,0,0,0,0,0,0,0,0,0,0,0,0,0,0,0,0,0,0,0,0,0,0,0,0,0,0,0,0,0,0,0,0,0,0,0,24.2425654565558,0,0,0,0,0,0,0,0,0,0
3598.00190295315,5615.45599647203,3981.77796406556,3886.15447808125,2332.595773331,2604.94484001455,408.731474576203,4258.17180626313,455.257228372769,414.695411149294,89.7733569451077,0,0,0,36.448356194824,0,991.973796106935,0,0,658.876809033669,0,250.480445977734,69.3704649867834,0,1447.0221103623,331.249857923978,1152.58313650969,651.624232735315,0,39.0192611458568,76.3370887208463,0,0,0,0,0,1599.26161427718,1054.71770405259,1024.32450165226,1071.31115084685,74.3802455803763,1013.41328281871,1274.28716643835,1652.21193958155,136.737197138596,923.267690137851,831.15462390759,605.747358173522,0,0,5428.82133499722,0,388.859922537882,26.0888656724919,294.476108464835,401.490411244991,0,119.203404378517,115.91850329703,118.868550652074,0,443.374927983601,169.916582826335,1502.04442960414,10252.6901721035,5321.96321678675,6227.16424564324,475.827327654332
1749.87451976454,2367.32680735692,624.895724891887,2867.02992187738,1204.13130031384,1866.55519777002,3666.26003566208,2291.00917738351,169.578127986132,108.035420242267,421.137276574052,0,63.0009341332176,0,192.855138369286,0,0,0,0,0,0,0,0,0,0,0,0,0,20.0350501173712,339.994121520046,0,0,1007.56932896549,433.188319048599,1032.05372228327,550.054246959597,0,0,0,0,0,0,0,144.71358245104,0,0,166.846944100239,0,0,186.971462321932,192.698439550363,185.165712818595,0,22.4930856915166,360.422980945433,0,0,0,0,0,0,0,0,0,2199.73811105549,2923.60574393979,3841.1655288557,2725.92399661644
1929.53390700076,1778.01538569863,4629.58037522288,1907.3197210735,1280.51095878161,0,640.764432426982,776.819385761948,0,0,252.493173751282,99.2348318906335,0,0,455.269778734555,0,0,0,0,0,0,0,0,0,2417.30454938915,3388.88617912598,2367.75360158532,5417.34743442722,0,0,0,0,0,0,0,0,1835.69549869684,7072.5577107251,0,4626.42789767612,511.601536587045,416.547808155233,765.274618075,61.1585442638118,538.208104793374,514.645421615277,446.875260108461,496.292378551714,0,0,692.097001207708,0,159.320108577461,87.277208877228,87.0634020582496,170.344589718497,0,0,0,0,0,217.406112553994,2582.5408075413,77.5084551347704,4149.41831160683,4807.49356757598,3130.64778058378,1977.67986096943
3380.57315505297,2450.71867460379,0,639.533956123242,851.655902079219,1748.94486851853,740.495504889072,0,0,405.717878438872,0,0,0,0,0,0,0,0,0,0,0,1365.75443649554,1079.98492742031,0,1015.47804465132,0,0,0,0,0,0,960.970291221053,0,0,2196.37579505495,0,0,0,0,934.695787113028,942.292716914768,1597.97917928363,663.931415234148,0,713.476186885054,13985.8927985486,1407.51735672461,630.862209127389,0,3991.64419177657,0,310.893323342605,860.024442488802,1111.89050457605,0,0,241.998616849998,0,199.643071177716,107.157905935594,0,0,0,0,1948.41486066441,6809.2643472403,19579.5476554276,1483.86908244549
1959.22951358073,610.607035978619,1073.41097624134,1782.13370082451,413.850029878546,0,274.919629142803,0,44.8929343201015,0,0,0,0,0,97.9295658116394,0,0,0,0,0,0,0,0,0,0,0,0,0,859.998119395651,639.774148346562,1141.26015630506,1051.5546860138,119.339492851455,0,207.727637113279,0,0,0,0,0,150.52956519827,44.9708115703346,0,123.409580867924,0,0,0,0,0,0,0,0,0,0,0,0,0,0,0,0,0,0,0,0,58.5133597900301,0,0,0
1431.82190705699,953.456385991544,677.034238774266,619.133578245378,913.565291736169,438.99279906422,139.50396304475,1405.81075911599,0,42.9594106446064,0,0,0,0,0,0,0,0,0,0,0,0,0,0,0,150.922074263735,0,0,0,0,24.579470601454,85.934841407273,0,0,0,0,628.120448764268,0,324.184019834324,586.539948072578,158.572857680638,0,200.784222606431,194.185505149471,41.501371802333,34.8050769249205,616.898711239962,35.8855475560237,0,0,0,0,58.7811906114164,27.0517912438687,0,0,0,0,0,0,0,303.657635071654,267.585344149331,981.811052414415,606.914313299381,586.306760934884,143.781544425342,152.51056161568
323.603182458301,328.669865952637,945.274726536143,730.58118041527,42.0887595450275,0,1494.86625797358,102.9781895279,0,29.3274789548835,0,0,0,43.2197392417936,0,0,0,0,0,0,0,0,0,0,0,0,0,751.358988151894,0,0,0,0,0,0,0,0,363.418386213753,342.155012419783,379.692479476123,378.754446694722,39.4066469274384,0,0,0,60.2664965483163,19.2997888055544,74.5062976558772,58.7696984722587,0,0,0,0,0,0,0,0,0,0,0,0,0,385.471405747983,0,0,134.762102254815,64.4828405949459,229.036359681572,205.876930408034
1030.60144901994,394.944604800658,271.808077072688,397.294068961409,537.759129932258,463.640359991035,435.80735922381,1108.72359331409,0,126.932526272061,267.102463991055,56.9053503341742,71.9017212107085,0,90.5557680987604,0,0,0,0,0,0,0,0,0,0,0,0,0,0,0,0,0,0,0,88.8166223423109,0,0,0,0,0,0,0,1219.48384985488,0,0,0,0,0,0,0,0,0,0,0,0,0,218.507635242341,0,0,0,0,415.461732767924,50.7367143244865,0,0,0,0,0
135.936586052698,1388.11287981901,695.480987772673,3309.83608479413,255.546406513029,965.319806510213,0,0,0,0,387.21318829649,191.098695523489,273.871031000742,121.648263760169,57.5782475228174,118.745672503737,60.5446790945342,0,0,0,992.169753332671,0,974.39168458838,961.287515817266,1373.18865330968,1524.5325282713,0,0,900.504556086662,0,23.418563856185,0,1718.54680098483,0,1073.02446123134,0,720.010138230165,665.039765654671,706.451813707448,714.751464561429,0,177.305340527109,0,10.8037964486827,260.663912726769,102.039305133022,139.371999899941,36.666834755589,0,0,0,0,0,0,0,0,0,0,118.260860566063,117.016432900433,0,153.737978109502,0,0,2371.93683185557,1477.78679190906,1082.45426902499,105.058051433773
2053.83536111005,2314.62922383925,948.997846285351,3228.55032199482,624.931138972085,1022.84918219488,2326.56104888903,1471.11611421348,200.17704304261,242.047330719264,308.139304262393,460.644553033108,83.8143511268347,0,77.301952530207,0,0,0,0,0,0,0,0,0,621.975125541818,6.79156956517667,462.870292510358,0,0,0,0,0,0,0,0,0,574.388903997039,1033.85596527343,460.792305935024,0,0,22.0935786085182,198.078766392703,19.7814737472348,200.855483020002,215.851478494854,130.70419097618,216.006502603374,0,0,0,0,0,0,0,0,0,0,0,1278.94985399193,95.3664468208544,67.8783199722653,53.2041358016493,0,253.770701018611,892.997691069217,288.658751430019,2098.49080292535
2765.49582167198,1257.88869507156,3113.3526483719,2796.77924156814,2328.32077082289,1679.25179550805,278.879507004247,431.357620245067,0,0,69.7280798145333,0,0,0,90.1290946932518,0,0,0,0,0,5850.02981167998,6242.96448688033,2892.64859820609,2731.78059529145,1082.53015110509,0,0,0,0,0,0,0,0,0,0,0,0,0,0,893.983513316807,81.5994624077745,0,0,0,312.414228548555,1415.42219301337,1309.55168653338,410.217711602023,0,0,0,0,0,424.781459939022,0,381.757151521649,0,0,0,0,0,0,0,0,667.062244566141,749.775843929114,928.100564527326,365.784240682099
113.22497484767,1646.52434492352,1502.6454650791,1920.77572246828,0,0,14.5021204690196,265.794301163907,314.717370773509,330.635951502064,39.5675417555519,33.5706386858183,0,0,34.2149721222471,0,0,0,0,0,280.367127546064,1130.30689709777,865.04895453026,0,0,0,0,0,0,0,0,0,0,0,0,0,1136.27005416076,0,0,757.030634771769,608.118361740215,0,127.492335405059,1021.66400833473,239.841972736613,82.4438443479778,196.463287699114,319.980273313701,0,0,0,0,0,0,0,0,0,0,0,0,0,0,0,0,2741.33844758327,556.966461399085,404.701282522994,548.565536548732
1380.29830214822,1151.4556436017,736.400893232784,922.629907788285,28.5762740016318,27.7882268024795,0,27.0299465745593,36.4175578879937,0,0,0,19.1358691447074,0,0,0,0,0,0,0,0,0,0,0,296.302009971994,0,0,0,0,0,0,0,0,49.0077766983343,0,44.7150292611433,0,0,0,0,0,0,0,0,0,0,0,0,0,0,0,0,0,0,0,0,37.6489928028577,40.6814739316147,39.3333772141077,38.9087968221032,0,0,0,0,105.859523288827,64.6640695158237,65.9634825615108,24.9824937569825
321.791767250398,1592.26631853208,839.851596460821,2496.7469961109,2647.87211523184,1500.93533363498,1013.39102984293,0,0,0,0,0,0,0,27.8443055745619,264.40361977974,0,0,0,0,0,0,0,0,0,497.973238733273,33.0215099167619,21.2181522405785,0,0,0,0,0,0,0,0,651.973653886236,0,0,298.806519541111,135.105235290278,0,0,0,0,94.9621790157886,175.553390966354,86.6798916314436,0,0,0,0,293.361734751034,136.544121340434,363.217670863699,362.831365080413,0,0,0,0,0,0,1065.37931035324,234.365734088087,553.446299173868,147.72880757579,81.171529893316,240.645219975091
1114.94120177353,1041.36511701435,556.937581221034,809.179199893069,350.103381111315,491.771289383258,468.998467546178,651.981410434897,27.5069034493385,503.90512712009,0,262.693087861932,0,105.859154484465,0,0,0,0,0,0,0,0,0,0,2.50033377844645,0,222.197309766815,0,0,0,0,0,0,0,0,0,514.486449888331,544.700501506754,557.929769424791,572.830849263473,0,0,59.8231312247729,0,62.6143453510371,0,0,48.2379780447128,0,0,0,0,93.6421551046139,0,0,0,0,0,0,0,545.863062068966,38.2167216893489,0,0,0,0,454.6797571969,0
832.103834313814,4001.73859413965,7266.12261434107,4167.11766091705,4226.32754268573,829.553514131798,222.172134195327,3855.30803495235,286.215039755202,31.931479268034,0,0,0,207.945790649782,0,0,234.341930651937,0,0,0,0,0,0,0,0,0,55.4788280356231,0,1232.4392567383,1384.6433814469,443.806328669221,1499.47068553476,0,0,455.659873997814,0,0,0,0,0,0,4846.81210195275,900.402515596105,543.633188790684,0,291.381222875948,213.290195187376,0,0,0,0,0,1891.01328367492,667.983316350033,0,589.636115438869,834.201600752403,0,0,0,9168.82495273859,143.735111694231,0,0,2241.79352471705,3416.7307692115,647.826428460627,2535.85398110746
3275.11516464715,5503.7700400227,3088.57795104755,1603.6671376685,2501.20013377079,3553.60407549638,2068.26709959736,1411.7963758902,0,275.614140905956,0,0,0,0,0,0,0,0,0,0,0,0,0,0,0,0,0,0,502.866073314173,0,685.480352184712,305.077018109433,2354.28787475442,0,0,0,0,0,0,0,74.1074338050805,391.338718074011,1113.74383892143,528.935514271388,0,119.492584350986,446.437060520566,455.326157827045,0,0,0,190.437614144232,328.061734709148,231.4998210341,0,1036.42862625254,0,0,0,0,0,3370.05221862734,0,0,0,61.2004412804025,0,2567.91769916631
1588.64868797829,2375.10538508456,3167.64419609735,1646.49336810714,0,0,0,0,0,0,0,0,0,0,0,0,0,0,0,0,0,0,0,0,0,0,0,0,470.865058181227,0,0,0,0,0,0,0,0,0,0,0,0,0,0,0,514.645421615277,508.513233387137,547.425517359404,544.543394936464,0,0,0,0,0,0,0,0,138.702793591816,0,159.744040688075,0,0,0,0,0,1469.80698721452,1905.61168622576,1650.52272670033,1872.37139656628
582.329387541028,1398.83863049531,0,1418.25558560099,0,0,0,0,0,0,0,0,0,0,0,0,0,0,0,0,0,0,0,0,1044.00979039622,0,0,0,345.037159941964,332.867559114167,0,278.219646810307,0,0,0,0,605.794511865857,1175.88445502133,3211.63798476284,0,470.542538981693,0,659.604881002603,0,185.913005864844,222.176762530992,0,0,686.776201878194,1325.26664614931,0,0,0,0,0,0,0,0,0,0,3303.07167329507,0,0,0,2541.18033440424,2901.16947204183,1223.87863913987,1161.46998804587
919.753227942526,1345.56507434861,1961.02829720019,2015.27289561841,119.64481805862,182.843860942613,752.838732777541,188.301879376912,16.4742132969888,52.0615156947088,35.6415143523929,77.9556336401736,49.3157824978569,0,0,0,0,0,0,0,0,0,0,0,0,0,0,0,0,0,0,0,0,0,0,0,0,0,0,0,0,0,0,0,0,0,0,0,0,0,0,118.680040097539,0,0,0,0,215.830441323173,0,0,0,0,123.11336898445,0,0,0,0,0,0
1279.94808623583,1275.02948181964,1462.93409537075,1445.51219914767,459.4042506188,0,21.2050419058141,209.41557789367,190.955769879331,233.031629612042,280.784067919564,200.704379560718,40.2502336498235,40.5218459730536,23.9332347562087,61.4031994884739,0,0,0,0,0,0,0,0,0,0,0,0,0,0,0,0,0,0,0,0,0,0,0,0,0,0,0,608.749086392291,0,0,0,0,0,0,0,0,0,0,0,0,0,0,0,0,0,167.414572180506,142.938468232769,449.436894898784,40.8597040127877,41.4346667568048,0,29.0642325851808
509.963913074355,433.456448515209,415.599143895846,418.336110171258,190.38999869556,240.707069519925,402.070869103124,244.1310586428,25.1047044394118,0,0,0,0,0,0,0,0,0,0,0,0,0,0,0,0,43.4369430662988,383.374108806753,1.13736228707765,0,0,0,0,0,0,0,0,334.7247969417,689.945017954199,328.801786255349,338.057047698353,59.5586019178944,0,6.5524931431558,89.6772715735733,154.764865626995,247.404043370267,244.629136214831,360.399868916639,57.874465596204,0,0,0,27.5985015360256,0,50.9593348129374,0,20.1761830201366,21.6216524625445,21.8895438872351,0,118.43032425314,53.1021905609276,65.4506766470708,0,887.57995509981,653.321062460036,327.21819002136,276.088120668244
1548.26157889905,2420.75900473344,2132.34372798616,2918.79843274216,1052.29482193081,152.007809632108,1429.77308262491,406.605487501051,0,0,185.889418086349,0,34.0564361274617,60.9171857975005,0,0,0,0,0,0,0,0,0,0,138.884670618259,1458.89222380535,114.184671148471,255.502478922197,0,230.296865513787,0,0,0,0,0,0,750.786348343567,0,659.97867685236,0,0,0,401.752113469174,341.584940079123,393.488493944427,0,151.531658205447,442.569277581798,0,0,0,0,0,0,0,0,0,0,0,0,122.399194407937,0,0,0,0,201.584134901433,1115.58117350612,0
1186.78016625808,799.947646999159,643.948322406701,1060.03720625374,558.440407461012,315.777290227579,223.9196942271,99.7057647506349,0,175.479035648861,98.4531364211284,0,0,75.7754250514642,0,0,0,0,0,0,0,0,0,0,0,0,0,0,0,0,10.3923958144765,0,1563.0748171613,0,272.340687635579,134.92672254762,0,0,0,0,0,0,0,0,98.6026054608217,0,0,0,0,0,0,0,0,0,0,0,0,0,0,0,0,110.854503816794,0,0,0,0,0,0
4921.62778163219,4185.27780581724,3484.8367486833,2727.02753184648,4375.06843240434,1217.84775409604,7856.92873191895,2861.88524562286,418.715645201362,272.650234692329,0,455.213240068107,72.1454430464934,0,0,0,125.894475918178,0,0,0,0,0,0,0,6070.27712883425,2187.89116180999,4424.74283966146,2244.40271033422,0,0,414.366174371976,0,0,0,0,0,2307.49758835203,0,2252.2629977948,4140.18952127891,343.798417643523,0,0,0,526.108294548447,0,0,457.02370478433,0,0,0,0,778.754589497136,0,0,0,0,0,0,0,721.473916244346,0,0,0,1200.2886229453,4490.34765643114,5623.28197118893,3629.84124279709
2068.16946091865,1274.0986022276,1360.61860880517,1367.71422433819,778.745310699805,579.454603517895,280.710831881712,0,0,0,0,0,0,0,0,0,0,0,0,0,0,0,0,0,0,0,0,0,0,0,0,0,0,662.320859010006,0,0,0,0,0,0,0,0,260.238190679211,0,216.451091844833,277.589227046745,721.1316143603,207.852031386424,189.767024017041,0,180.344896134295,0,23.3362097498351,22.4281854564799,96.4453348896028,68.7925277506144,0,0,0,116.549481593187,333.083658121781,0,0,0,2429.08030653448,2717.7736510664,1491.57508722517,4475.91215101636
909.783198392205,1855.49964347663,1898.4255379385,1405.01579749873,320.381478427349,493.930302859963,0,0,96.7829192228888,140.833026742806,0,145.336776222757,0,0,0,0,0,0,0,0,0,0,0,0,0,0,0,0,49.4148786325261,51.7989436592022,102.084371770606,155.444982659404,0,0,0,0,0,0,0,0,0,372.172465319444,0,0,0,0,0,0,0,0,0,0,0,0,0,0,0,389.123323982461,0,0,306.826225463751,0,0,0,0,521.974138433587,657.289942099906,2103.21289486408
1514.27225086062,954.589923824196,1519.58219633836,590.250380378119,209.581042276425,0,0,0,71.2483074338272,0,0,0,0,0,0,0,0,0,0,0,0,0,0,0,0,0,0,0,0,0,0,0,44.4460042224201,8.61014647309739,8.12982654992198,8.04553799259699,0,0,0,0,0,0,0,0,0,0,0,0,0,0,0,0,0,0,0,0,4.65010936626943,0,0,0,0,0,0,0,23.947109033548,61.043874405258,57.0615869406278,36.8775909668545
371.532697714847,18.1723997971649,197.114766551681,0,1287.97479773837,86.8445803048182,161.864188846019,0,0,0,0,0,0,0,0,0,0,0,0,0,0,0,0,0,0,0,0,0,137.630182880237,0,0,0,0,0,0,0,0,0,0,0,64.4616732941194,0,0,0,0,0,0,0,267.921867440818,0,0,0,0,0,0,0,0,0,0,0,0,0,0,0,4671.70789833682,2020.79580624043,1526.0771188449,1763.43950165206
0,484.068651129252,0,112.816481722494,0,0,788.33300168968,1243.71968621793,0,0,0,0,0,0,0,0,0,0,0,0,0,0,0,0,0,0,662.81492795793,0,0,0,0,0,0,0,0,0,903.761184871664,935.207172814048,2160.54741542561,713.430388391228,0,0,0,410.169155345714,0,46.1957186110445,0,0,0,0,0,0,0,0,0,0,0,0,42.0924637943677,0,0,0,0,0,34.506053227192,27.592693109113,18125.9589541513,150.619598931892
2469.44297980588,318.593802012685,5221.56518676019,1770.30822754956,0,1045.90394510581,0,4648.44680524666,580.734570584506,0,131.705714903342,108.770463527172,0,0,0,0,0,0,0,0,0,0,0,0,62.8539707004482,730.748515355724,730.865236688495,101.596419109886,0,40.1520266184021,0,0,0,0,0,0,0,0,3585.36944127268,0,0,524.692021380855,273.171099198319,0,0,0,0,0,0,0,0,0,0,0,0,0,0,83.0618269835021,36.6808518954416,35.1576915683012,0,0,0,0,161.018355271192,137.01081640273,1160.43341314567,1290.02298560406
3267.5979365947,2832.2462920431,2509.51577962336,1128.14065049598,0,0,0,0,0,0,344.445356533515,261.721983262155,0,0,0,0,0,0,0,0,0,0,0,0,997.717703693138,0,1173.2774982151,0,0,0,0,0,0,0,0,0,1038.88061809851,0,1090.37268113392,2139.52333313669,0,0,0,0,0,277.104775089775,523.112282341037,0,0,0,0,0,0,0,0,0,0,0,120.983536742099,0,0,0,0,0,1620.55475192356,270.398772238608,887.87155789653,2246.19181264126
1942.098118087,521.547821424801,1051.83535831327,986.105293632814,0,449.985956399249,0,784.261654051773,0,0,22.3692579462946,0,0,0,0,0,0,0,0,0,0,0,0,0,771.676944840314,401.270365040444,424.313023687116,90.4076193134945,0,0,0,0,0,0,0,0,217.689511386679,392.1454030427,520.298225135981,0,0,0,0,0,111.67498813609,115.647232576863,64.4221435987824,88.9339414035019,0,0,0,0,0,0,0,426.482019520939,39.3261385281385,105.523757028678,109.036980594974,0,0,0,0,0,867.72030931273,1363.725171979,2300.21828676528,926.981685480118
599.357127108286,614.036236410285,1495.20323881888,2553.17585862085,0,33.5196959992008,38.7758284061792,13.3950718439562,0,0,221.015399347803,298.387676447301,0,0,22.3264361281783,13.0623696617535,0,0,0,0,0,0,0,0,0,193.234394656183,0,0,0,0,0,0,0,0,0,0,369.687054848482,240.347304311517,280.935969255278,0,0,0,0,0,0,0,0,0,0,0,0,0,0,193.998975590001,0,0,44.3222128547752,45.1558337865389,94.5962079920119,38.5840935356365,0,18.5988687523656,0,68.0686853551254,604.697513724811,386.392297558242,526.320340282415,0
1521.43277682638,1464.10156999311,1720.76601046917,1986.58920039853,166.114044492115,72.1949316363864,541.885106163639,1392.71738796358,398.380345903423,0,117.028704199773,478.165818346269,0,75.4267738230645,0,0,0,0,0,0,0,0,0,0,0,0,0,0,136.904495519569,0,0,0,52.8418867852045,0,0,0,0,0,0,0,0,0,0,0,0,0,0,28.7080210902241,0,0,0,0,0,0,0,0,0,0,0,0,0,231.425593359931,307.946120372551,0,0,0,0,0
2098.34641774878,2081.87112479307,1841.11221812766,1332.02234159342,244.150362815778,381.804881506371,101.079543622182,749.497054324655,0,161.107968282333,39.4910126756259,0,0,0,227.267198481772,0,0,0,0,0,0,1477.22347357236,0,0,0,0,0,0,0,0,0,0,0,68.308914327063,0,0,680.875022512685,0,0,0,0,162.502327766452,0,0,0,0,80.2682662809279,0,0,0,0,0,0,0,0,0,0,29.3439191562403,0,0,0,127.020524137931,0,0,0,0,0,1598.93473152725
1422.10402081584,382.149758770565,562.281409740779,141.463900591092,231.521962057847,485.36389155255,497.065015054255,789.079310472028,503.882978856599,9.92801338691276,0,0,47.7930171915652,25.7142862960063,0,0,0,0,0,0,0,0,0,0,52.084989389262,33.9484776633437,0,0.455922437158551,134.558495677685,0,61.7075666179653,0,0,0,0,3.34716930380514,211.563508574407,160.54184041182,785.874427138286,318.671950575473,163.330794873675,315.785004937119,37.3593327266992,0,0,0,0,0,0,0,0,0,0,24.1748669366912,0,0,0,0,0,0,251.197750609028,0,0,0,49.4274647636095,94.8532734355825,226.572021901253,572.286747973123
540.298519399811,263.749738726659,231.428923651999,142.814995444724,0,259.20030441992,1605.78849490354,1895.47280227096,0,0,286.086292200568,313.884779465839,0,0,57.3472384412824,85.1196344976393,0,102.588332309459,124.450928995971,0,91.0283106241536,0,0,0,0,0,0,25.1786178070432,0,141.482581496642,78.4299743401884,0,63.4653689772627,0,0,0,403.237279889254,0,0,0,0,0,13.8983228212234,503.502463728972,211.006556095556,194.348083052558,455.962799032477,252.555571560896,0,30.1383520695499,0,0,436.478870417565,554.52953964646,237.682585106097,0,0,0,0,0,310.028189317596,143.570869001814,81.3876389082824,447.964907980005,406.870669791188,818.663495698023,180.311390960834,343.91995027331
6736.62454480374,5350.1573425748,6523.46149158645,3362.1216637417,3995.5139934498,2977.98988857463,2707.66827867389,4957.82099698306,438.029717448187,0,0,63.523563936465,130.110155741377,0,75.4775388365229,75.1294784196728,0,0,0,0,0,0,1265.19084914639,809.950617798926,0,2150.23067924091,19.9624523438828,24.7862330850469,0,0,0,0,0,0,0,0,0,0,0,0,0,206.607961124286,209.971327714225,0,0,0,0,0,0,0,0,0,0,0,0,0,0,0,0,0,0,0,0,0,0,0,0,0
1352.15096564111,592.446166579323,345.997644446189,1703.25173328198,2770.2877153295,1459.69548835335,3045.84364371978,756.697532812264,273.270586210613,219.888427432325,87.8007834551235,55.3887279725013,0,58.3635515247536,0,41.167459525704,0,0,0,0,0,0,0,0,0,0,0,0,95.9646161191938,243.780305482781,137.013314382868,77.2455162342724,23.1263492309655,0,0,0,0,0,0,0,107.514412966182,217.093768671669,20.7884065805022,38.5557098520683,0,0,116.851149625442,43.0146227426768,0,0,0,0,0,0,0,0,1507.65415277341,554.378485169635,0,0,0,313.911854007898,0,362.442853749789,212.560773887198,142.421042640743,420.916744072006,40.2407217968752
358.088709794012,710.567920088189,797.404115938231,340.691547672593,471.066731825448,837.305469319613,454.501780153975,590.660709477495,197.265822773611,0,64.5056530429716,0,66.7184408368565,0,0,0,0,0,0,0,0,0,0,0,0,0,0,0,577.275339849521,554.989557259611,85.5770631402902,256.030084919709,300.046496613319,90.3508366016323,0,59.7456144945237,0,0,0,0,276.545675242115,48.6029734812339,55.8723559138448,19.4821481125457,107.338129660065,9.99638201371785,99.5267941788161,10.2263486163778,0,0,0,0,162.321037846053,0,497.453196293769,71.4918339567508,0,0,829.590130310961,0,1725.88988702373,86.371111709701,172.666077009877,219.582737741592,999.163473436981,820.45276991902,367.328966844859,1146.52288718049
1620.70621873958,947.863359863121,375.196737973215,1481.17219647507,330.634553234878,1101.82973517607,1630.77158493755,817.473440913232,0,0,0,0,0,0,0,0,0,0,0,0,0,0,0,0,376.092158638281,552.272155849145,429.798741821883,270.435758382979,0,0,478.613914963938,0,0,0,0,0,759.82414099135,1523.6084401294,718.573560509417,786.091550440706,159.024376413454,243.990252246702,0,0,68.2133737194343,78.6320349140424,72.7953861508692,77.8208444417347,0,0,0,0,0,1905.55206907541,0,0,0,154.977367370648,81.3179568031134,87.2216824524411,0,0,0,0,4081.16455230772,3524.90486547275,2883.87959721801,2812.56392801649
185.012314928332,1150.57616033434,415.658653593337,420.462198227661,0,1916.74806032441,1162.7823301184,0,159.712186657386,377.094627335286,0,0,125.665229573159,0,0,0,0,0,0,0,0,0,0,0,145.255243910098,0,0,1360.01029985692,0,0,0,0,0,0,0,0,647.464841672432,0,2145.6494086718,1176.41994031103,0,0,162.009486900055,0,45.9141843737905,0,0,0,0,0,0,0,0,526.930652702065,853.73876413261,2416.37237207368,0,219.610420567762,0,0,543.831743250845,512.289821450644,534.254593095608,0,3779.33381270089,3739.20240822678,4047.10329988287,8483.3427400088
1719.68496583977,2344.40779030796,636.408966887982,907.347043497976,19.5827832276111,2454.61241884626,306.632754858671,0,111.756258435455,30.6395168172369,0,0,30.8963844473871,38.3038359619143,0,0,0,0,0,0,0,0,0,0,0,0,0,2.57002146423924,0,0,0,0,256.063402070565,214.997472231704,201.383090310318,184.828402211464,0,0,169.898312822713,0,49.2758623102213,43.80749979389,0,338.427558661101,1038.58195368228,1240.58718024011,741.94450317495,808.686302288549,0,0,0,0,0,0,0,0,743.905040087379,0,0,0,0,0,0,0,44.5475170400303,274.124430365308,56.7304763516624,793.800656804659
740.805032643515,863.379517093346,0,141.788355323867,212.946050077431,143.564145495496,0,492.999665748137,0,0,0,0,0,0,0,0,0,0,0,0,0,0,0,0,0,0,0,0,0,0,0,0,0,130.377659744532,0,0,0,0,2098.35306588264,0,0,0,0,0,0,0,0,0,0,0,0,0,0,0,0,0,16.8219945124804,21.8004098396599,0,21.6195214688985,0,0,0,0,1470.63449673516,1042.50198955138,3351.97151112012,1805.849735692
2058.13477687699,2590.46258371512,2310.73628221323,1677.5828409452,865.450420618724,1331.40891284901,858.713812672591,738.811725451911,0,0,1109.03621412618,0,0,0,0,0,0,0,0,0,0,0,0,0,0,0,900.475420981396,0,0,0,0,0,0,0,0,0,1405.883245914,1402.90723490371,0,0,125.6791247755,0,0,0,86.8130993287732,0,223.451768484723,44.8783058994802,653.64190143545,1006.1904827859,0,998.589386653886,0,0,0,0,70.4220625346491,87.3599225855482,0,96.3735346582636,0,299.227723106538,517.802434571853,0,522.354898323864,3939.17608638936,1837.56201145144,5686.11304039262
320.080595690618,385.565731126943,369.296021393979,383.521530517196,863.780215142071,1133.62189947485,55.1087989492288,31.0513832986387,0,0,0,0,0,0,0,0,0,0,0,0,0,0,0,0,739.327173505379,709.511356531353,784.19153985574,2086.01296585589,0,0,0,0,0,0,0,0,1606.08547721396,0,0,1637.77778750016,0,0,0,0,151.397811209865,0,0,0,0,0,0,0,0,0,0,0,0,45.7576339721907,48.5622800968681,55.4639512300653,0,0,0,0,4815.41227035474,4631.52697469031,4921.64621124165,5270.37115151022
4632.93064603551,3710.10799205056,15436.1648157861,5563.09812119723,11620.161069581,2700.27882314092,1858.41302749889,8326.05941288595,0,0,753.255005507771,836.615203664836,0,0,0,0,0,0,0,0,0,522.467480318504,0,0,0,0,0,0,1309.21526888473,2537.90294375545,3245.42871248325,2169.56053845608,0,0,0,0,0,0,0,0,0,2058.15388957617,2457.22631891012,3412.06751513227,488.464355096077,1549.47136365604,1549.51177013281,1693.91049281488,0,0,0,0,0,359.620624178486,0,0,0,3366.83624959281,0,7237.31402417684,406.389610960658,0,0,381.608205979915,1280.02319420709,0,4826.27849875992,0
4806.00998058442,4313.1224749963,2363.66460639549,3770.85281749541,2726.44826245708,0,0,0,236.393679028284,0,0,0,0,0,0,0,0,0,0,0,0,0,0,0,0,1346.16652332125,0,0,0,0,0,0,0,0,0,0,0,2533.01192588872,1314.99629055802,0,450.65185588235,0,0,388.206774551951,0,0,0,172.19665276142,0,0,0,0,0,0,0,0,210.428965853867,0,0,215.706322234032,0,0,0,0,1163.95152117844,1057.24251407701,3437.16519968302,688.247306602738
3718.01782168386,2447.47881687731,1848.98740189392,1689.90246313816,137.093860613174,719.155529781507,836.373456667285,200.488418183826,335.435906699872,124.278386219052,0,0,0,47.9664305102837,0,0,0,0,0,0,0,0,0,0,0,0,0,8.14414101067296,43.5214495040426,0,0,0,0,0,0,0,589.532331363191,287.950522469786,1146.74234404278,0,282.028548835868,75.3776771063243,227.486105215426,173.925830001917,114.70233316489,0,19.3133934135056,140.956706642653,0,136.547214968158,0,0,27.4397694634307,25.5826615584527,367.447287872933,0,0,0,0,0,403.015990283403,325.097019053293,0,0,96.0921675846654,0,431.698783062247,141.408438863158
1540.6200612916,876.017129434736,737.307914350759,342.450572703423,160.393170042859,1416.40758471484,1135.02708456376,3690.22109152855,390.082300525793,144.342660812669,0,0,0,0,0,0,0,0,0,0,0,0,0,0,9.04088195501638,0,0,1151.04247551275,0,0,0,0,0,0,0,0,0,0,0,0,246.860327069907,814.097743353359,0,0,0,0,0,0,0,0,0,0,537.744118580022,0,0,0,79.9053333333333,85.5492118627513,74.9148979383625,86.9515389430218,0,0,0,325.551237476705,1796.14693654749,1769.66349422313,2356.63678658723,2406.37180242626
464.946942282079,878.027889959321,652.594949440772,962.431650962704,0,0,346.230543015051,348.205709508398,0,0,0,0,0,0,102.776123848279,0,0,0,0,0,0,0,0,0,0,0,0,0,0,0,0,0,0,0,16.3506082925953,0,0,0,0,0,0,0,0,0,0,0,0,0,0,0,0,0,0,0,0,0,0,0,0,0,0,0,0,0,0,0,0,0
2270.07104348291,706.379875852927,1276.95620311197,1019.64301563561,0,0,1152.60083172753,2460.17297379294,0,0,0,0,0,0,65.7970518069149,0,0,0,0,0,0,0,0,0,19.3004667502007,0,84.788909589062,15.728700057214,0,0,0,0,0,0,0,0,952.159856499691,0,0,0,439.675809466897,107.489772889022,333.915728467296,9615.6907636391,0,0,445.950787677189,735.75732179554,0,0,0,0,0,0,237.165143131002,343.531388381296,0,86.3486591523676,0,84.5399248525523,216.297502119398,0,177.232345214665,233.315793047691,6801.86373101598,2308.62361069911,1772.3467374671,4019.80827062835
1162.82592532374,917.706243770653,2317.65845163964,0,0,517.028231288113,605.414128019903,375.4238308832,0,0,0,0,0,0,0,0,0,0,0,0,0,0,0,0,0,0,7.686398151164,0,0,137.870622241027,286.793548227665,936.806859901397,555.435560498665,221.984412165177,0,471.148156221997,0,0,0,0,552.528616892865,0,96.4289349505142,104.741869182771,90.538137400775,159.891677456255,132.673256919295,24.8748472771345,0,0,0,0,0,0,76.2968032254112,0,0,0,0,365.931636723903,0,0,0,0,1525.18500879388,389.551011710142,0,1539.7679962162
2155.96589887976,1989.49110883487,1256.1931583649,1329.78820542596,773.859591275603,957.615337514179,604.390981031914,2853.22161294621,174.126309956849,0,63.5379664790581,0,0,0,107.052824930695,0,0,0,0,0,983.274874333959,785.832307922368,1178.28115782847,910.053553908919,308.131729145552,242.678774118117,240.938790012912,289.690300681218,148.166441170342,0,0,0,2506.85831659963,0,1068.18725942514,795.63898970173,2294.86343430177,611.315623544446,1862.50191011704,0,2049.34884203031,709.779648501527,2017.88895482587,1265.74184991433,1841.25817577459,541.6769622609,880.423712176637,722.445433991196,9635.0929376019,0,349.135637922704,0,0,421.124012443803,0,0,146.34661768483,82.405865397289,0,78.8918065251049,319.380535300422,0,0,0,740.142804459252,3065.56940191174,2827.49061750079,3096.16575861698
3556.38711872375,2139.4699549306,1405.60304843609,2042.46580511775,8421.23173373833,2168.4980207485,2129.11422068948,365.695704200602,0,0,0,0,72.320533221038,83.5416448616715,0,113.109237099894,1516.56565362005,0,0,0,893.814411375523,392.916153961184,0,0,1728.10544371386,837.179726096142,808.497561068885,1509.22577198599,170.961276882987,147.967123318963,302.300804108981,147.599876159498,0,0,0,636.511183221766,3059.81791240236,0,3538.75341811954,2331.41276241115,0,11.137439325584,365.44634372085,68.9726778799942,1557.69312827743,649.813921126334,732.316257671813,768.810130768059,609.567114297051,1128.35861306983,380.875228288464,176.243280773812,0,542.782081464227,458.512211751161,430.316334602981,1865.20194868586,833.214837183018,0,712.217725261503,699.646358844923,0,249.003163577179,656.641760759525,1407.61019039806,428.109419935485,2221.82042802041,916.839950540327
918.876327834679,1345.51972017617,1181.64594849439,1058.61388232485,380.90509983336,1174.17621034138,842.382857509367,94.8860657604673,70.8354630341424,135.558686904577,99.2863442907046,35.3270404770383,0,0,76.1721178521385,0,0,0,0,0,0,0,0,0,0,0,0,0,0,0,0,0,45.5932959372812,80.2450044751563,39.6340605034396,22.1282483967847,0,0,0,0,0,0,518.011245918728,284.731004271372,0,0,17.0245593376482,0,0,0,0,0,0,0,0,0,0,234.523158863766,259.790614718615,0,90.2787080263527,575.270770823286,753.518766670354,23.4470295868475,0,0,0,0
1669.13977088129,1382.39544356672,1649.90645925047,2044.0969764784,0,1338.10462110228,0,0,98.9806997286634,107.743582186262,76.0378702928126,33.6995895083615,0,0,0,66.3731154538575,0,0,0,0,0,0,0,0,3017.13322315747,750.284726339952,849.501883640027,0,0,0,0,0,0,0,0,0,1345.30796484387,1446.04827773727,1348.03189610367,802.023978119981,0,0,0,0,0,31.7463786249742,0,0,0,0,0,0,0,0,0,0,0,37.8261145509263,0,0,249.179874113311,236.096916030534,0,93.3695309337641,1214.07073284223,1304.55639318023,615.057189512163,127.097131121696
93.3568425450328,160.652381568057,259.386489762131,114.143317809788,1756.04224757618,2687.13851722116,2605.14322744395,4063.59093274278,0,0,0,0,0,0,0,0,0,0,0,0,0,0,0,1240.53778655232,0,260.745428191562,1110.30358193328,0,0,0,0,0,0,0,0,0,1606.08547721396,1548.78003744389,3104.45322767146,1637.77778750016,0,0,0,281.321580553305,72.5879868453421,532.66446968828,80.5956827515444,426.731139381879,0,0,204.204042692184,389.328486337927,120.551490701672,120.556661673165,243.640212521873,205.529333457884,0,0,339.935966528516,75.6326586747611,0,0,0,0,3489.82141167648,3267.3529805543,3986.84300832251,3579.39790857332
2158.71117127535,2555.86572159549,2309.48672075488,1226.60072421895,94.0331183549665,0,65.4678830809517,0,49.5567983594935,22.5513351094183,14.876466605258,305.035488963195,0,0,0,48.4574144079109,0,0,0,0,0,0,0,0,0,0,0,0,223.392220972233,194.754960408778,199.858199458634,243.575328131911,0,0,0,0,0,0,0,0,0,0,0,155.81043682883,0,0,0,0,0,0,0,0,0,0,0,0,160.666527187843,0,130.323539509872,193.828958380322,686.039293187767,240.801709285945,0,0,26.1298988923806,146.641013583032,171.719250032278,135.440091332424
1157.6663037773,2600.50367229826,2640.37922643015,951.770522549854,0,0,0,0,585.43376885115,0,271.011449176983,0,0,0,0,0,0,0,0,0,6017.08282698036,7015.27615522646,9488.68946042802,3150.80717138222,4870.76017867708,452.35386619404,340.424796952135,78.7473357082151,0,0,0,0,0,0,0,0,0,1117.26134043156,0,0,0,0,236.482875689025,62.2603930299808,5822.38590596408,0,117.432471423451,470.932478128885,0,0,0,0,0,0,0,0,0,161.675827777535,0,0,304.406009904342,0,0,413.698162892158,0,0,610.307278118273,1685.62605039404
1391.02192175015,4844.77654450285,3436.05134925297,1320.28465735359,1003.85069920798,2623.93702230163,1978.79502189624,2882.83328187965,339.472389709043,575.773147922338,329.672505524737,0,0,0,0,0,0,0,0,0,0,0,0,0,0,949.2200245266,131.171735554155,0,0,135.533852854324,0,0,0,0,5016.93762844113,0,2386.50596379458,4767.02260841036,4357.15529379859,2515.01446091441,0,0,159.130648565504,0,405.141080950448,413.839306735816,169.34547936723,438.0813182322,165.451897577916,313.963899061595,326.423471845931,0,0,583.238791128053,233.002418129206,0,0,0,0,1117.79903764013,85.0077963962366,820.424267587239,423.892899269835,189.170247328443,1210.74387352112,1244.36334307236,281.190866866516,1848.70084278779
1694.30923164925,1962.30144648742,1123.26973485513,1627.71541428597,0,830.490815561385,382.588258150724,844.504703050639,39.2516298778135,0,0,0,0,58.8866271251984,0,0,0,0,0,0,0,0,0,0,0,0,0,0,84.6727877821238,1547.65669035299,450.773519632316,367.225192936788,0,0,15.5318178917066,0,0,0,0,0,98.5460862240837,0,230.085362707121,348.817314663722,36.3521299088942,272.390413112971,63.1893817987717,256.55121193543,0,370.331425637191,0,376.160477103913,0,0,0,0,0,0,0,0,0,0,0,0,0,1405.27781494978,1497.52970492921,751.661456129034
875.697119000289,504.209768332991,1415.93474396103,1025.94930165233,689.224913150779,0,786.874125115134,175.716486248751,209.474322852142,62.176827912867,85.0977620002075,107.16250373314,0,0,0,0,0,0,0,0,0,0,0,0,0,0,0,0,0,0,0,0,0,0,24.0887113566513,14.077634905739,0,0,0,0,0,0,0,0,0,0,0,16.9732054757866,0,0,0,0,0,0,0,0,0,0,0,0,0,44.1701280193648,0,0,0,0,0,0
181.165487639978,149.226854695887,179.759903846964,203.518793999573,357.754561680118,465.59937116408,328.585352352316,192.425964249153,0,0,0,0,0,0,0,0,0,0,0,0,0,0,0,0,592.736296893472,0,0,519.388824413234,0,0,0,0,0,0,0,0,843.615779304469,1145.96231001153,0,0,0,0,0,0,0,0,0,0,0,0,0,0,0,0,0,0,23.2564267371765,18.5141196098113,0,0,0,0,0,0,288.671175587819,760.8153053948,1544.26555359837,1396.18258779652
172.009938830472,183.102392459206,205.492146343265,459.27130882394,0,458.386016195162,427.798447426794,0,0,0,0,0,0,0,0,0,0,0,0,0,0,0,0,0,899.284083321645,0,108.768660291957,306.144243662038,0,0,0,0,0,0,0,0,1762.69945840794,0,853.934324977585,760.020349757922,0,0,0,0,0,0,0,0,0,0,0,0,0,0,0,0,0,0,24.3521168701803,0,0,0,0,0,3481.5293638975,284.663347030636,3680.04641983632,1049.8482154805
325.094882635467,725.660737899295,538.452859674588,667.873108289502,1220.31871241179,394.560687409927,409.086779961663,416.232810153087,92.7305386632729,0,0,0,0,0,161.788579163746,0,0,0,0,0,0,0,0,0,237.703040914153,1659.03685951184,182.064997116093,238.646330416476,63.500284251994,0,0,0,0,0,1926.10220155102,0,889.100912056386,1120.85192447014,1125.91718280234,1144.36557321843,1638.20620689849,735.991681046672,542.705320459488,0,433.64249471453,209.86603825178,197.79999012636,551.707098650229,0,0,0,346.033516500147,287.897857084825,0,709.982919363586,252.289615504763,0,0,81.9380755967644,0,0,151.214251062551,143.982402282558,0,631.461198153644,3840.60885334482,3217.80323379085,1656.33157689078
500.992775518156,1279.80175720755,1195.24950659366,1140.83876930482,685.276137128744,303.508227507852,0,0,0,0,0,0,0,0,0,0,0,0,0,0,0,0,0,0,0,0,469.919332599934,0,0,0,0,0,0,0,1672.57010984562,0,0,0,0,1525.82076429125,0,340.342969023127,0,315.674883694738,236.360365883208,301.11874533689,118.282402503615,121.927269022727,0,95.7802873298058,0,288.361257990368,0,0,393.825426774379,0,0,0,0,0,0,0,0,0,914.73348617097,1526.89903083425,1284.47497711052,230.046040858538
1852.43811374734,1048.45740179742,1239.86361258282,971.70910292796,1724.71863286461,1223.46772488984,146.341545675292,331.700202632017,183.41591467266,0,183.300262682042,0,0,92.266230044748,0,0,0,0,0,0,0,0,0,0,0,0,493.951767811399,331.602621574512,0,131.073813300404,0,0,0,0,0,0,1263.79781621962,884.486096366294,722.650532837282,1083.24467846165,61.8015384693563,596.377452911918,143.549095882557,89.2113212673205,0,0,90.0652759581511,116.384978521598,0,0,0,0,0,0,0,0,0,0,0,0,0,0,0,0,0,51.6177523552767,221.458532600295,517.178147329201
1143.3787224446,1143.02059360904,1221.74307243672,992.605162394192,726.084500728728,973.320593310559,621.210956086484,1387.67592930678,64.6267012499945,61.5727004123463,0,148.868077331883,13.4688044972553,0,0,31.4231522910407,0,0,0,0,0,0,0,304.156064425905,0,0,0,0,0,0,0,0,0,0,0,0,466.348245895959,501.202327758724,529.091285068472,429.594107005047,22.7190199582527,0,0,0,38.6495456719775,154.722032308524,100.519698906561,216.703288500014,60.2487933802376,122.976974817654,57.2790889440131,108.147365878109,0,0,0,0,183.093219739564,189.831939518927,0,121.18321093996,0,63.8536656630699,166.051083969466,178.498893827281,621.639880844892,751.915552665863,711.478709964765,687.56349904491
340.268030125991,456.25581878013,430.102694900665,438.494546778723,80.3753969207263,63.4970059025818,19.9170194439836,43.357395766925,42.529907419865,12.8491009885592,24.4625550462967,19.4140314952217,0,16.5130526255667,0,0,0,0,0,0,0,0,0,0,0,0,0,0,0,0,0,0,0,0,0,0,0,0,0,0,0,0,4.35211073697164,0,0,0,0,0,0,0,0,0,0,0,0,0,0,0,0,0,0,87.3358778625954,29.7887992108095,0,0,0,0,0
2450.69684435793,2721.63741458897,7204.47678089005,8250.65754339785,1417.83924163518,1443.01416256772,7110.47703659165,3195.33008447283,378.567493691491,0,439.500191394772,1400.86017241965,0,185.898397325665,0,197.919987711595,0,0,0,0,0,0,0,0,0,0,0,0,386.443261898797,529.405607287137,670.010106023731,2247.85672941584,100.090520954115,9.31148260878205,162.316032146367,3439.80045428242,0,0,0,0,0,0,0,0,203.721596472471,1047.8457277896,1070.86416606412,1430.28125875943,710.04512011895,212.986081851868,0,450.027799349454,523.552468479602,541.69548233862,948.568076150127,899.051560446215,1819.33116736021,0,0,0,1138.3069077861,0,0,0,2989.85867758162,2769.24372190768,4384.07943636654,3986.94696539817
1926.52354357522,342.457921043108,1975.3725625589,1022.07265369929,0,438.82737573161,1576.46758651636,1364.82778825835,0,0,0,0,0,0,0,0,0,0,0,0,0,0,0,0,758.478011520517,54.5019430333296,896.442276043688,870.543392395501,0,0,0,26.9424741196096,0,0,0,0,0,0,0,0,1242.82029526932,1994.1190374905,132.257371773988,476.260700685117,0,377.445089777597,0,0,0,0,0,186.461736972957,0,0,0,0,122.451404414167,0,118.56984557465,97.283692164181,0,0,0,0,2336.70422519581,4685.2974483832,4813.64371875935,4080.20027722127
2445.98920165853,833.038578763856,1078.04920790038,231.339433554964,112.524923929251,1506.25733680453,883.913805302544,5117.46655121257,0,0,0,0,0,0,0,0,0,0,0,0,0,0,0,0,0,0,0,0,0,0,0,0,0,0,0,0,0,0,0,0,0,0,0,309.19389784488,0,0,0,0,0,0,0,0,0,0,0,0,0,0,48.3275704446298,137.272901916572,0,0,0,0,3336.35819408703,2378.38265715411,3308.77523959836,3355.55409056402
4970.7555910753,6928.5740784791,5253.64797451668,3880.48224234785,4566.77854562688,5086.33593293396,0,1662.8761158107,0,0,0,0,0,0,82.3500443465414,0,0,0,0,2058.52777236193,0,0,0,0,775.87637827245,901.060627980157,3070.10088951361,849.93262877277,0,0,0,0,0,0,0,5514.09541905946,615.528242427817,0,0,0,939.903043685829,413.958024035366,1961.21863191274,0,0,0,0,0,669.533803045483,0,663.895469099436,0,1964.77513061563,1810.46579558773,0,0,0,0,0,0,0,0,0,0,4099.77349062842,4502.97290157713,3796.13146001512,4317.02529084185
1653.52309517422,1769.78576385433,2191.37974139169,1760.97090149718,4610.73978635991,868.104392553165,601.292510027874,1787.99467905317,0,0,0,0,0,90.4441103838896,0,0,0,0,0,0,0,0,0,0,0,0,1895.25914883529,0,0,0,0,0,0,0,0,0,1200.12800763451,1321.15838554246,1231.05648485563,1270.93734558413,410.002578079352,199.608777694422,485.056665271256,140.450041298166,0,288.752429656538,0,0,0,0,0,338.273891722848,0,159.709747127846,197.490267323771,294.007283337765,0,0,0,0,757.297816702972,0,0,0,1618.89361352691,5385.77678939545,4617.84152861635,4741.6693801572
1420.44644214365,2153.0561064971,1650.02334440854,1769.85528690748,4055.89280813581,826.021264064219,1810.68118746449,1432.18499695147,0,0,0,0,0,0,0,61.9320877707532,0,0,0,201.860672439228,0,0,165.416629572061,161.93205404397,5.09286739034454,135.456716948097,1140.13541327431,0,0,0,0,0,0,0,0,112.596471296094,594.980115164791,1151.12668646788,1071.71674095986,1044.7929877819,147.715041103372,174.767912938302,175.974788327075,208.846114637354,452.78999927778,469.015505725053,210.03890839238,391.592632578302,0,0,136.976489848272,0,0,0,412.243866697299,0,0,0,0,76.6011125594069,0,0,0,0,1993.31647473819,1230.80860195538,4047.46702606043,2255.19146936964
2946.8297601063,981.526058139086,3992.93477178038,6210.72329905562,0,586.857641849465,1478.60654631175,2057.75934513929,0,0,954.998119184878,0,0,0,0,0,0,0,0,0,580.649618642375,601.324265711145,1210.97992230435,549.065465048006,1331.91875730797,275.62857642376,3167.37227460695,4463.26777638372,0,0,0,0,0,0,0,0,0,4174.44974571127,1795.87352721343,857.32439640566,1260.21032459998,607.312364263376,0,0,0,0,0,0,734.09278510826,2196.1369762194,0,0,0,0,0,0,0,274.548352866603,276.442623516941,276.567359307359,0,0,0,0,7892.47003045494,4255.07186668101,3546.64953636056,4576.78671057342
1854.52076704859,2282.32786758236,2395.10372791498,2403.00238313154,0,0,434.984436580786,3136.53695355268,1373.77858707977,758.021095325741,1129.87590902561,1112.8361455749,0,0,0,51.3225209972123,0,0,0,0,618.211639140084,672.463136273115,720.228072820866,848.724347297288,0,0,0,0,0,0,0,0,0,0,0,0,674.407381517748,789.82789582809,610.487278148246,750.49595640476,0,0,0,0,0,0,0,0,0,0,0,0,0,0,0,0,0,0,0,0,0,0,0,0,1890.4390133089,2069.30387712395,2233.31261156742,1756.68054731055
2304.84251715122,768.734803918097,2036.22806097932,2001.39830420859,3424.53260258484,1201.28816176966,4617.42628647035,380.357442896983,101.457778425414,184.76990073558,0,0,0,0,0,0,0,0,0,0,0,0,0,0,0,0,0,0,0,0,0,0,9.35731756891295,0,0,0,0,0,0,0,0,0,0,57.8224248642877,0,87.8986222406036,0,1019.43177474711,0,0,0,0,0,0,0,0,0,0,0,0,0,0,0,160.824199734257,245.321067970703,219.262146932183,2630.37106611755,136.735549833709
1139.61378947001,3465.53952083886,2594.42784835802,1004.06558894881,1542.30765017652,1248.24146028694,3419.35581005264,2502.44709612064,0,350.157152954623,39.391121380377,570.85348860482,0,0,58.7669167595898,0,0,0,0,0,0,0,0,0,0,176.477681353515,239.220976959867,82.4232973697209,0,0,37.0898190137945,0,0,0,0,0,2230.68310463948,581.215923272576,1834.49558633882,1767.62772797228,100.778967606023,0,208.005533068359,0,40.532426620816,177.703816435551,0,0,0,0,0,0,0,0,0,0,0,0,0,1253.30450433556,278.215972413793,221.668721579472,0,8697.20642227574,359.055250061449,832.103307053137,327.032460234833,2365.4636673947
995.038708066089,947.270170582698,2175.37973546198,2139.77955481316,1004.69847185724,1421.28741646794,1628.54485101878,358.900959192866,129.547651523667,0,356.839861992544,231.64720632937,0,0,0,0,0,0,0,0,0,652.912111178458,890.317783981227,1180.8033627516,0,0,0,1432.66194081054,0,43.8907886082612,176.589603570978,0,0,0,0,0,1133.56951984421,0,0,1229.1870601715,114.1368947254,86.6129344802692,439.931364494368,518.913618352867,147.106626716487,142.571595465652,378.374530510069,343.935114029455,137.637815255509,395.791716301136,364.067767797396,0,0,1415.81054408609,551.015552403241,1219.14164519651,0,0,0,0,567.324558531141,43.85748220954,217.43147796231,0,3228.78061063116,879.202874583189,590.074613944371,996.081333039233
467.787524115553,119.889840578137,234.040910643953,222.31298336568,146.105183345756,786.026536729573,0,534.095697469111,90.1192882613846,0,0,0,20.4198221655705,10.1378314941096,31.7623004579894,0,0,0,0,0,0,0,0,0,0,0,0,0,0,24.9155976867471,0,0,0,51.8278373342975,0,8.69992319442899,0,0,0,0,0,0,0,0,0,64.5343722086323,23.8686456833465,10.884290169719,0,0,0,0,0,0,0,57.292234899836,0,0,0,0,46.2284555836866,0,0,0,64.2956994593137,404.652486854476,643.251960453521,0
1551.36102363703,1042.93893646297,970.417390105249,1145.10574552152,32.1327058798348,0,0,67.2609085370075,0,13.4425252922889,38.7752043670009,0,123.376298884629,30.4622434163886,48.1089516349338,16.1609650459079,0,0,0,0,215.974240044621,476.218527799253,230.232946747455,0,0,0,0,0,95.537279260953,0,0,0,20.4268063640489,22.0210222367537,102.659697981406,112.836450760903,0,0,0,0,710.798195256263,168.801057687835,171.891178102283,101.613031863851,12.9790483372247,20.4139180513949,10.4498031698214,65.6668137295031,0,0,0,0,486.691469086708,315.476287346036,259.904222187401,184.492085781156,47.3744071032278,0,0,51.6684141695497,0,0,0,0,1625.07703305634,931.185778042208,1206.77092807555,822.256178086362
2248.10098540034,2267.77853759599,3204.64085688083,2341.1923634432,1383.60439694997,1064.24074468093,70.6696126508002,405.962602780902,283.569748959599,46.6235125117342,163.672853388375,356.34961598385,0,0,0,0,151.854113247472,0,0,0,0,0,0,0,0,0,0,0,0,0,161.803411224741,0,0,0,0,72.201766313109,0,0,0,0,0,0,0,0,0,0,0,0,0,0,0,0,0,0,0,0,656.680330552676,0,602.907238988074,298.501120536205,0,0,0,19.9765884973408,1063.05870564311,647.829394463636,60.4445044836748,211.560618594637
5917.62914135557,3290.61920364785,3532.47141398114,3826.34636079703,49.327094922216,841.685638635931,287.443362381063,387.686139356404,294.409395637074,262.837796410877,274.939723611735,186.367682622234,38.8439979099014,93.0177617589949,0,47.7567032983302,0,0,0,0,0,0,0,0,0,859.257440280862,0,0,0,0,0,0,0,0,0,0,1380.50247556043,1588.19978456717,1896.32156946746,1353.49956678549,0,0,49.5701627444564,86.5773491724626,29.9509112321601,0,0,0,0,0,0,0,0,41.6792962092777,0,0,62.1434517594343,0,63.6940956939685,35.6226641786134,44.9796074196285,601.628500235828,0,406.626952465983,345.14865292001,567.464069023871,1179.84945470315,1133.69671763458
2146.28745776549,1614.90662843098,990.050726203044,1272.94393726284,279.933472423185,1653.87146591352,2036.00527017538,1790.11204907553,86.6274103335601,716.478832494915,478.588749665484,0,191.48417672206,107.662746269045,35.3230076178166,0,0,0,0,0,148.123644573113,0,0,0,551.912136051115,0,0,33.3245575193272,0,52.8373164416348,163.443223443784,57.1638249239981,0,332.47430443532,0,26.0921407150727,0,212.239751545371,0,0,359.586934342676,0,415.243018217737,0,0,0,0,121.028831738444,0,0,0,0,0,0,0,262.432177393108,0,0,0,0,50.6775468490792,0,0,0,210.847858166428,503.912634841684,149.405053326017,705.407585994583
3768.79663143785,1956.3168647002,1877.49879828457,3473.46684467761,3656.99412269539,3453.08938518523,741.993765112213,416.868294049782,0,75.6945440379216,0,0,0,0,0,16.7588301052705,0,0,0,0,0,0,0,0,0,0,0,187.01717990244,0,0,26.4050753540852,0,149.42054195357,161.654332273499,280.842597475008,310.812149817417,0,0,0,0,0,0,0,0,73.2177147024405,104.043594934315,446.217298987107,497.122288193862,5240.85397173901,0,0,0,0,0,269.124847386252,0,0,474.09480440425,0,0,490.354350967541,210.268069495741,177.761257298357,101.761468219116,628.045307562239,479.956971681965,207.219705861922,0
453.899792717834,498.323986096006,458.768380193025,531.685963355112,0,0,0,313.240423591413,0,0,0,0,0,0,0,0,0,0,0,0,0,225.893380809275,0,216.100285486401,0,0,0,0,0,0,0,0,0,0,0,0,0,0,0,0,0,0,0,0,51.4460986520456,49.4798451906077,57.5759784415145,55.5810438308801,0,0,0,0,0,0,0,0,0,0,0,0,0,0,0,0,0,0,0,0
1798.61234536801,2236.532393153,1691.81344827418,2174.45490211502,0,3591.69478401326,547.403875463817,2328.36555156768,151.397216402962,243.853941669442,47.0638580155361,0,35.2880618875617,0,0,30.3452501134171,0,0,0,0,0,0,0,0,0,0,0,0,0,0,0,0,0,0,0,0,0,0,0,1786.21156295593,0,0,0,229.210715874415,0,0,41.68981860556,229.35670819762,0,0,144.975459843625,173.326805098879,0,0,0,0,0,280.736851630108,287.024477301644,1189.13762507179,0,0,0,0,0,0,76.0572669916706,379.763208882435
0,821.323904637308,7470.17313467342,785.945663382817,1559.51299584374,1086.63420332428,0,5637.71142872761,0,0,0,0,0,0,0,0,0,0,0,0,0,0,0,0,539.009875525764,0,1911.75815219309,0,0,0,0,0,0,0,0,0,3852.21915954712,2554.54903068825,3007.20206528978,2458.75560378763,0,0,0,0,0,0,0,0,0,0,0,0,0,0,0,0,0,0,0,0,0,0,0,0,5408.74815974545,2272.17515845036,2195.54296942359,3313.25182483346
2532.79141480305,2671.52477331463,2087.75977021496,1565.60384408651,214.80269618228,952.576119484418,586.04097300305,390.160898790313,0,0,218.269523803725,0,0,0,0,0,0,0,0,0,0,0,0,0,305.920654686414,0,0,361.291352754802,0,0,0,0,0,0,903.51521453779,0,0,0,0,0,0,0,0,342.118441795202,0,0,0,0,0,0,0,0,0,94.1764334016097,0,0,21.2946402447467,21.3339674845846,19.1778533252822,19.4634034988403,0,0,0,0,0,0,0,0
1680.20045849791,3694.09934668936,4722.5470343248,4279.84885691049,2079.69540080634,3168.52217436003,1464.75849328679,1752.31823961775,0,37.9098784657199,78.3299366837089,160.532396007097,0,0,65.0739828219922,201.069422872778,0,0,0,0,0,0,0,0,0,0,0,0,0,0,2715.22642559616,0,0,0,0,0,0,0,0,0,0,0,0,594.661563432443,451.603665044633,2032.15387172307,618.504393378951,277.258724098314,176.243280773812,0,373.647395588167,377.538861876433,0,0,0,53.1066996743492,0,0,0,0,284.407944100019,155.927114659025,509.983545472017,324.165700429156,351.504138135956,293.894577172038,2301.42392227407,1053.31388595038
7197.41936525544,4986.45666544636,3587.126117587,7366.68322669266,4347.08832245121,852.611373251312,3921.53775193506,1927.77913426946,69.0042180886629,0,0,0,0,206.546167928267,0,0,0,0,0,0,0,0,0,0,0,0,0,0,0,0,0,0,0,1526.56588493807,240.71678084814,477.846540783225,0,0,0,0,0,680.623546960352,201.368545161684,0,0,0,0,0,0,0,0,0,0,0,0,0,0,0,0,0,835.885285023021,1401.36947737189,0,0,0,0,1194.74242724362,0
643.696109453822,649.899859635257,769.278704110711,853.553507482527,549.5173858549,335.723782928979,446.102157929923,591.650145120708,239.621003030664,0,42.9761818448829,0,0,0,137.522893653792,0,0,0,0,0,11.5647946175972,728.894315116761,506.642660842269,747.34018846333,133.908128856121,412.649628113896,116.542085692044,0,0,0,0,0,0,0,0,0,510.325780686777,0,678.464782099006,782.009939759606,104.155751255702,696.913181545445,370.863165812222,0,56.7880803767664,26.6591868851097,155.875699813388,131.014138738031,0,0,0,0,77.9090207997606,53.4113331743674,52.4148241895986,56.4299384697851,0,0,0,0,108.051379310345,0,344.458955431612,0,569.261289767979,577.83237144389,402.596259207344,156.063680008018
1533.84589793625,2045.00301992308,2607.10754089691,2087.87471071396,664.530046259344,2060.41959084082,1007.06017142818,923.295684924375,452.896969004276,46.4229375722685,199.294153419083,0,0,46.7056812379766,83.9754795200749,0,0,0,0,0,485.671359101313,0,0,0,87.5637679131888,251.856848018983,27.5222530593028,9.96908580968236,0,0,0,0,0,0,0,469.085296778596,430.405953281704,867.029347516171,349.219461165125,358.192664219996,0,0,74.3635117016047,0,0,48.2694534063842,135.617655028969,0,0,0,0,0,0,51.0588148684236,0,0,17.153403842068,21.7584895276916,17.0871160952829,15.4758588628578,192.593327969577,0,125.408521047649,0,328.230624886003,299.089279789384,493.495194884122,1398.94511770922
25.9146375260876,72.8713857226392,72.0665799853629,73.909768267945,42.2540813405111,0,87.3468530598722,80.4429980409186,0,0,0,0,0,0,0,0,0,0,0,0,0,0,0,0,0,0,0,0,0,0,0,0,0,0,5.30545931387732,0,0,0,0,0,0,0,0,0,0,0,0,0,0,0,0,0,0,0,0,0,0,6.71679479525637,6.51171788286747,5.04450293717078,0,0,0,0,296.179762290872,251.7197147744,572.487929450041,630.856865066476
3666.39910999705,3649.86020585002,2082.08529077366,2477.16406148704,733.835411699951,439.139187446745,2804.38668605271,963.341628389847,0,294.941809092195,0,0,82.3127384185672,72.4280382934919,0,0,0,0,0,0,0,0,0,0,1542.16187549582,0,0,37.0724539821104,0,0,0,0,0,0,0,30.0800694591857,702.050094272346,0,0,0,562.04941367785,657.904704406202,61.1616879772195,0,0,0,0,0,0,0,0,0,0,461.356922546145,323.719576374752,158.125523560128,609.550495238949,0,0,0,0,121.200858842681,0,0,1573.7720078333,3489.21399739246,3593.45265915669,3579.53895346994
815.518333677558,364.88886356849,601.098786051544,2487.85666083548,0,415.414692354734,0,409.391216039588,0,0,0,0,0,0,0,0,0,0,0,0,0,0,0,0,0,0,0,0,0,0,0,0,0,0,0,0,0,0,0,0,0,0,0,0,0,0,0,0,0,0,0,0,0,0,0,0,0,0,0,0,0,0,0,0,0,0,0,0
835.413256988869,1501.6384964737,697.173457771842,780.028212000788,173.705489892887,495.309405312579,163.017311729115,109.024244726504,115.479022681842,0,0,0,0,34.7116130811013,0,0,0,0,0,0,0,0,0,0,0,0,0,0,0,0,0,0,0,0,0,0,0,0,0,0,0,0,0,0,0,0,0,0,0,0,0,0,0,0,0,0,7.00726062676167,0,0,0,54.6784495503406,168.198710380933,0,0,18.7326021492475,0,0,0
1287.00297763383,1751.93404930058,1017.59303003913,1129.26445505322,0,630.758596001892,488.103571821863,504.919549131524,0,0,0,0,0,0,0,0,0,0,0,0,0,0,0,0,0,0,0,0,0,0,0,0,0,0,0,0,266.068023197727,283.898712250712,293.067027732258,0,0,0,0,0,0,0,0,0,0,0,0,0,0,0,0,0,0,0,36.7486092169121,0,0,0,0,0,841.942143142488,522.478925285341,611.191108526864,0
3419.39948565111,4434.32369587703,338.867293085231,2222.35534601489,1859.81938131127,1195.90036692779,2126.37887348902,1649.48583663243,0,781.19191086874,0,0,0,104.458204438627,0,0,0,0,0,0,0,0,0,0,0,0,0,0,599.788255128722,456.504091036422,1070.83322155489,0,0,0,0,0,0,0,0,0,0,0,0,0,251.454538172885,0,23.3539423571109,66.6645942122196,0,0,1685.89505393671,0,0,313.05755817841,0,0,97.2792102568813,0,0,0,0,0,0,0,2873.26919857464,7398.46221627812,4668.63581546771,4338.24505051749
6405.85695991694,3741.55744196135,7208.74167183449,7852.25813545415,1378.80656999667,2718.86794536148,232.126170399948,1792.08722948469,0,0,0,98.0769819293293,68.5138113530983,0,0,0,0,0,0,0,0,0,0,0,0,0,319.071387586967,3472.78171015245,410.265369512942,572.687550061616,1291.97800661899,409.391134988824,131.334491707352,0,5623.89251839058,0,0,0,0,0,365.44634372085,326.22212896092,895.004190378836,3898.04509132049,545.126592645966,327.563187390074,1197.97382228569,225.135596436496,571.312842432697,176.243280773812,777.699234181785,2958.0417644984,1910.46743167098,215.158167301491,309.748842756564,447.876664798166,0,0,0,0,0,0,0,0,2254.26697276234,3230.90886567908,3925.12513544796,3786.3152507538
291.873542159827,1361.45019423831,764.295592007595,1768.1452992541,2802.09900233093,2819.692429626,3404.26880158798,1532.98062374259,0,0,0,439.367546867618,0,0,0,0,0,0,0,0,0,0,0,0,700.190303337878,0,18.9895832080681,0,782.388105866505,3701.55856486612,1797.4848192165,575.789728752567,6589.45365105048,8380.14483920122,4987.87626616543,2385.9952987425,0,0,0,0,0,1425.88648176271,1486.71408536023,3070.69638751257,170.736670950053,0,0,0,0,1716.94050469548,0,0,0,0,0,122.860638522577,0,0,0,0,0,0,0,0,977.817422344609,5234.83123907143,2189.56181980566,3720.59112694115
6416.04871904531,8619.60997190217,7154.42045527581,9353.4368814667,1305.91644168487,56.0419840715488,0,648.938771830642,0,84.7772349635562,755.854517181128,644.150717105243,0,0,0,0,0,0,0,0,0,0,0,0,0,0,0,0,331.668706008325,0,1035.11144848898,1129.08669058063,79.76650801669,0,0,0,0,0,0,0,130.679721865009,390.614567680508,0,316.424392787959,370.150041819992,532.12932771446,561.337352944671,539.572142407998,0,0,1430.78379722838,0,0,0,0,0,129.695243244799,127.150531951896,0,155.43311174767,0,0,207.621640893046,719.688835611012,2814.60937456514,1893.2812378473,2212.32166935201,5243.42437928875
1128.3761669733,1068.94301876294,690.183032650338,57.557617726983,0,0,411.933187014476,535.839469237003,0,0,0,0,0,90.874833081999,111.097187607272,0,0,0,0,0,0,0,0,0,0,404.214953787144,0,0,0,0,217.583191851146,79.3716254716504,0,66.3949482892795,0,0,852.506937757311,0,1010.71939193106,883.557436301582,40.1103041445837,0,83.3426867647457,136.320068242679,42.0416547374244,104.22107694113,56.4262635236778,118.313397321267,0,0,56.8557416959304,91.7659630055423,138.061476344659,99.4887443406186,65.5541936352756,0,0,0,0,0,0,0,103.369942784966,0,1606.84687314389,1676.13061656416,2025.41202814516,990.214473524185
1064.392747706,1228.4829783812,1623.06895946971,1477.23119271252,393.458860242256,754.511270243814,754.099419273153,423.528773247775,26.997314083694,0,58.5574862358545,93.1593400336214,0,0,0,0,0,0,0,0,0,0,0,0,0,0,0,0,104.103963976933,46.8555955734459,91.8793437790929,275.192295220599,0,0,0,0,0,0,0,0,83.3127891584325,0,90.392417515232,65.8096176605187,43.8207623956922,41.9696743631447,41.3438175335189,42.5411925494669,162.679976080475,166.067563147647,161.649312338721,165.915218470855,0,0,0,152.819546366275,33.0236882014099,31.0143239012163,0,39.086757025137,0,0,40.7486875582036,82.3373786667908,89.6430319956103,28.3296209701605,27.3038264545965,95.9848992110531
916.445886777723,3402.59895859644,1586.97395922844,1040.49838736508,273.295204556115,1668.04254077063,1692.00234920299,354.218821821613,0,0,134.953112689268,0,402.257228292139,0,102.634931109081,0,0,0,0,0,0,0,0,0,0,0,0,0,0,50.3281817812315,0,0,0,0,0,325.137720615481,0,0,0,0,9.45092554785878,0,0,186.040749299264,18.4348376604725,481.378821273044,192.142719211129,113.592836321322,91.2750716213074,205.357565569724,211.38582611017,292.798441127609,0,271.203727494893,266.049006505746,409.968470348444,0,0,0,0,0,2269.36194897361,0,0,309.470304456025,1259.10964022979,1271.28849709052,2684.19865888471
1273.02197180788,1623.18032352504,990.458702612468,658.482952205588,2823.13089422977,1562.9677486447,414.419822530982,1709.37285749462,187.321973978735,0,0,0,0,0,0,76.2864139380867,0,0,0,0,0,0,0,0,0,0,0,0,0,0,0,0,0,0,0,0,0,0,0,0,0,0,0,0,0,0,0,0,0,0,0,0,0,169.89325695621,0,0,0,0,0,0,67.9167943758722,0,0,0,0,0,0,0
901.317151548982,723.488221004161,313.712670370389,324.649184160137,3876.13914993227,0,1851.21931212338,7.48317013509744,0,0,0,0,68.2578641567347,0,0,0,0,0,0,0,0,69.2257100395414,0,170.12881428584,0,431.95204853372,0,0,0,0,0,0,0,0,0,0,0,0,0,467.535212144078,0,0,0,0,0,0,7.7584740156814,67.8507479359953,0,0,0,0,0,0,92.3511584393868,47.4099457221331,0,0,0,0,65.5947886179831,893.577325182552,0,51.4160502073276,237.595708771458,708.965086417843,100.759815548895,141.58646282932
559.345796772293,342.906117213677,563.925406447009,628.733948134056,0,152.421792097001,0,171.196418285833,0,0,37.3197563222038,0,0,0,0,0,0,0,0,0,0,0,0,0,0,0,0,0,0,0,0,0,0,0,0,0,887.980219201498,0,646.107625162101,0,46.3745147704071,0,81.2223285695139,0,0,54.4856366951643,0,0,0,0,0,0,163.806184608545,0,149.18227927018,0,0,21.9042514347665,0,0,0,0,0,0,1906.80213593379,1277.51287101208,1331.15774425645,1357.46698885142
736.579675026976,0,0,0,0,0,0,0,0,0,0,0,0,0,0,0,0,0,0,0,0,0,0,0,219.781037529848,0,0,375.742917404248,639.051562854315,0,0,0,1189.96181852095,0,0,0,0,0,351.451695098295,336.727575729543,449.175980531835,0,0,53.6792628898155,56.3122510815038,0,128.099610730368,186.480579249036,0,0,0,0,0,347.900556141871,0,36.0835102328286,0,77.0162610351864,0,0,258.224604206848,0,0,0,52.5803233297716,288.9412234569,2284.5884472907,3580.99092619508
3227.34895811407,3960.14649985636,1032.35229440401,2104.96975375825,0,187.793107820339,0,531.259877464685,0,201.814349079689,0,32.4428827785334,48.6677559370396,0,0,0,0,0,0,0,0,0,0,0,0,0,0,2868.47251957617,0,0,0,0,0,0,0,343.030871160019,621.548109071847,0,1294.44785314734,1286.19315437151,0,0,0,0,214.094855735252,178.784948096458,0,153.511499280104,0,0,0,0,0,0,0,0,0,0,0,0,0,0,0,64.9562019099574,386.47126910358,1516.98120823373,0,115.236153335504
2979.66917289129,4623.33020590073,3530.6225917256,3788.74392525862,583.036751831639,0,170.018171016445,1761.43532183282,129.046281005381,109.977695005572,172.220456861622,0,0,77.0655840817149,0,0,0,0,0,0,0,0,0,0,0,0,0,0,0,0,0,0,0,0,0,0,0,0,0,0,0,0,0,0,0,0,0,0,0,0,0,0,0,0,0,0,0,0,0,0,0,0,209.693413473306,0,857.387446061244,1209.91216332042,1355.78651009264,1755.34806840293
4365.37422280288,2354.7322089279,2511.73681783172,3715.67770986595,0,2942.98529350373,204.034693136555,2428.12081864983,0,161.960236509899,463.279940896681,437.587596440716,0,0,49.5515587854556,0,0,0,0,0,0,0,0,0,0,0,0,0,0,0,0,0,0,0,0,0,0,0,0,0,0,0,0,0,0,162.329634001633,0,0,0,0,0,0,0,0,0,0,0,0,0,0,0,0,171.732931505965,196.901827442803,0,0,0,0
2010.38284837227,1629.56224282994,2292.13940728856,1856.01566909269,153.416682847875,564.076276172269,336.113860343572,0,0,0,0,0,0,0,0,0,0,0,0,0,0,0,0,0,0,0,0,0,0,0,0,0,0,0,0,0,0,0,0,0,0,0,0,0,0,0,0,24.6557675615963,0,0,0,0,230.850430734639,0,0,0,0,0,0,0,0,0,0,0,29.6181277420621,1133.24135731927,283.538278773847,575.39016320159
3742.54899880741,1804.91373642691,1078.44336709882,3155.67117396874,496.185793538727,854.297749299522,900.039981049024,968.412604466986,144.420787651902,68.7374319210444,475.354454240768,138.523108328942,147.928688206218,14.7135147310956,0,0,0,0,0,0,0,0,0,0,0,0,0,0,285.74217092518,148.609348873204,0,274.887822883323,0,2156.10219542202,3904.895776994,0,0,0,0,0,81.5232322408609,0,0,0,113.49862525034,189.873284726834,86.8779499437551,100.909254835177,159.643314315526,147.308777670555,237.175626198498,0,0,581.454885592132,187.834734260415,1909.38690210215,0,668.725915360353,348.910074923647,0,0,0,0,827.28998075781,356.743691330148,891.523000759188,34.0533519458966,739.698613534226
635.740411335118,1162.51033350334,588.288254877744,803.115709045283,0,0,0,551.917973856402,0,0,0,0,0,0,0,0,0,0,0,0,1599.3945724506,0,0,0,34.9412635817534,385.91033498035,0,0,0,0,0,0,0,0,0,0,844.618424678837,739.335454371092,1232.06660483563,1171.55470164269,89.7404254468484,190.863533080531,87.0018257618178,277.287608001543,217.956877542135,121.480559443603,171.101260462011,300.036997194299,0,0,0,0,0,0,0,193.760350042138,0,0,23.8219201760778,0,0,321.460464952007,198.833520516857,0,474.90162500452,1135.45225795911,183.652221957021,271.383458116022
861.690708437568,844.660508483202,1352.26422765906,1407.39540310941,916.810099539674,0,0,0,0,0,0,0,0,0,0,0,0,0,0,0,0,0,0,0,0,0,0,0,0,0,0,0,0,0,0,0,0,0,0,0,0,0,0,0,0,0,0,0,0,0,0,0,0,0,0,0,48.5622800968681,55.4639512300653,0,107.151247679652,0,0,0,0,6000.90030100897,6064.88901267605,5506.30233666591,4601.24809191939
231.951755879474,349.879610592308,147.297659161105,198.609175177169,961.026006265105,0,466.552736015089,522.763732590758,0,0,0,0,0,0,0,0,722.445098123017,0,758.148063433728,731.388215898086,0,689.556874393688,0,0,0,0,0,0,0,0,0,0,0,301.411783057322,0,0,0,0,0,0,0,0,0,0,19.2220894080581,0,55.2736910158763,32.325499328489,47.9792341647962,0,0,0,0,0,0,0,0,0,0,0,0,0,0,0,1609.69262216005,1696.82060524673,1789.223777931,1212.01342250532
341.979513953117,453.958941065847,421.107155701055,788.542694556662,88.8101787125267,0,0,0,17.1083815828582,42.1962617289707,25.5917436302775,111.144522279184,0,0,11.2945119952519,0,0,0,0,0,0,0,0,0,0,0,0,0,0,0,0,0,0,0,0,0,0,0,0,0,0,0,0,0,0,0,0,0,0,0,0,0,0,0,0,0,0,0,0,0,0,0,0,0,0,387.50266735552,446.387333059188,300.706571250453
808.819197460547,1953.94436689003,1035.11246999267,1671.2010956069,185.997325686743,0,2096.05465983,101.76583141951,278.570632598132,343.268474406672,0,63.0757135264977,100.004101664073,0,19.0683897422169,0,0,0,0,0,71.0066370681833,150.424000853999,90.711908178479,0,65.2852990019327,599.031294770419,122.376324270609,80.2782725307679,0,0,0,0,0,0,0,0,0,908.04695281976,843.234176625872,0,0,0,0,0,0,0,179.997201687218,49.3437618824512,0,0,0,0,0,0,0,0,29.2268094979093,0,18.3395680197496,0,0,0,0,0,148.981507498477,148.407703417206,127.867388054861,106.735746069055
2036.61892890053,0,1541.58759783841,1647.61887804938,2025.06267122541,2303.86652165943,369.070350100088,0,0,0,0,0,0,0,0,0,0,0,0,0,0,0,0,0,524.403706944562,168.907765538096,279.389299766642,2109.00656650667,0,0,0,0,0,0,2490.75279317205,0,1680.00745746906,1760.0386320405,0,0,3135.79223956383,332.105208986675,292.24386142516,1558.03131834658,1174.9920673232,829.198189423853,122.852584142218,145.565346869276,0,665.106076480165,573.217047576085,356.201715564226,153.991685253945,405.132398706352,245.695200974223,700.909436925507,0,0,0,0,0,0,0,0,5986.68800854914,4212.64837597729,4047.93881794409,3725.35637763267
4258.04429322282,2604.88520649261,2781.81459368902,4223.98593817283,0,6464.64776404877,998.18722533102,0,198.399245903905,0,0,0,107.769338920996,111.346737541069,0,217.331991760422,0,0,0,0,0,0,0,0,0,671.067332663648,0,2504.40316657969,0,0,0,0,0,0,0,0,1570.46899133963,695.539550714669,510.909777764579,0,0,0,72.2177264305322,256.530014161219,0,0,0,0,0,0,959.908108318525,291.054456092755,49.4487127476402,53.0689406308947,1323.99966756237,0,344.243531985089,0,180.353868028737,0,0,0,646.150869051479,0,5393.3911222151,12478.0771083689,10017.744318269,7520.30740125129
3825.71437693076,773.979694801092,4648.40814076158,1647.80636592847,1028.11235830321,4032.95588094222,2877.27357423584,2603.20583300995,0,0,0,0,164.058754534983,0,97.0971602046117,0,0,0,0,0,0,0,0,0,0,0,3901.79459282048,0,0,0,0,0,0,0,0,0,3502.33003308459,2419.20514707234,1421.83024265969,932.139304892467,0,664.433550109955,406.237513939336,677.110961633471,1362.33266049892,551.658057398748,1702.80067743994,394.493393389858,0,0,0,0,0,0,717.98243820846,0,0,0,300.351460723172,124.111887532278,0,0,0,0,1794.91466253839,2693.78759081961,153.028450613672,117.303841362215
895.762613841096,1232.91543318207,1188.71138364268,757.358024529742,30.1455821277593,255.010800794807,228.021968184131,1983.7738351934,0,0,0,0,0,0,0,47.999422354712,0,0,0,0,0,0,0,0,0,0,0,0,0,0,0,0,0,0,0,0,0,0,0,0,0,0,0,0,0,0,0,0,0,0,0,0,0,0,0,0,0,0,0,0,0,0,0,0,0,0,0,0
737.986199101897,2683.25954437884,958.610985621812,847.804099360463,734.638791943804,46.2793652987871,110.709970146076,0,1270.06698424982,862.655394549259,0,0,0,645.436997971042,1547.65975228348,0,0,0,0,0,0,0,0,828.171124388706,21.8857176799977,160.705932330552,18.0940212628176,9.03770094977031,282.488340291889,297.231257952651,271.185693051861,245.930021918491,0,0,0,0,0,1203.23511894467,1176.46768563726,0,0,303.024653683221,435.345553109817,833.66919230556,179.802791083533,54.55918478835,0,81.5117283877579,0,0,309.901222812542,0,0,79.2717786544293,657.292162626928,134.307446035072,0,0,58.608690656633,0,0,166.340384093353,0,0,1782.92927614933,1825.45249496808,2575.84909368523,1314.22737660277
4922.11692498703,509.865231821203,110.974855422275,733.262845434034,529.355606882126,1812.50392329767,882.339120617607,95.7601251403387,122.259286036529,0,0,0,0,0,0,0,0,384.380169716429,0,0,0,178.783582418385,682.406746504745,661.758843076443,1277.66514380353,501.32205793663,702.495093856423,595.374518271864,0,138.741765940216,138.130519710041,0,135.566240296314,1265.37594665384,0,0,1130.11933753008,0,683.205890620394,1343.0700298561,102.301615336535,0,40.4169207809878,0,627.794150514707,453.674604797751,311.253706897224,987.781755639324,201.814353367727,1187.98560073072,0,0,1330.89618043001,327.396844138427,390.940810172504,311.706431847645,0,0,530.622725536333,0,265.319724137931,101.1515035737,0,0,1033.48540009363,2318.4690881669,1360.61257877643,1011.21525372398
188.007836250035,298.631165569944,336.990786869583,407.1971185561,1018.37216007793,0,3294.34033673921,2862.05216310029,138.205445380415,0,0,0,0,0,0,0,0,0,0,0,0,0,0,0,0,0,0,0,363.877162969869,0,0,849.99321724809,0,0,0,0,0,0,0,0,478.710453389315,629.479888884694,373.040396154351,2079.54151183372,393.52425856823,958.141557265143,697.26206775451,0,425.972163703736,635.09575490167,0,475.717276312149,0,0,0,5200.40843938193,0,0,276.253244182752,347.266966141892,74.394085586501,0,184.50073358397,0,1798.25605719758,4548.0824304066,3899.6140704526,3780.58482897596
2102.27577787528,2104.94991731163,1237.98259824624,1036.36748337429,2526.62176896085,2557.81033041492,1559.60435620987,3930.23688613273,0,0,314.209924578613,218.461361685986,136.294289794632,0,0,0,0,0,0,0,0,0,0,0,98.245440039133,568.685302826519,3124.29994473765,322.570967247941,223.831797565286,30.513876704046,31.0803088667258,431.3318194464,0,0,12.4919079932715,318.960350207097,0,0,0,0,0,0,0,0,706.734888662793,283.903093302214,298.244339740347,655.898979614118,201.390479075559,0,0,862.369818080767,0,0,0,0,2788.84585945728,0,0,0,946.292645380864,0,2007.17796408501,423.701581053127,1897.58372268655,4487.59547430086,3474.71550279,913.095791599271
764.406229269987,683.258973307763,952.688823740921,964.030362742669,214.372930174997,430.616909068553,285.099664335581,736.414103762713,47.895780806007,118.96462696771,44.988256169572,0,0,0,0,0,0,0,40.2445667376313,0,0,0,0,0,0,0,0,0,0,0,0,0,0,0,0,0,0,0,0,0,115.421356610935,90.266737749597,495.215518496484,86.0290887125791,0,0,117.681669655977,95.0116242761179,64.957548744537,62.8320116756774,0,57.874465596204,119.658513637124,315.921416660462,108.876271383853,110.394015360607,0,352.171705226309,0,0,56.9781540847083,0,353.184283337076,0,583.845350930933,988.735887274624,362.547710061886,453.303748336308
2592.54205448056,1752.10869803524,2138.54711636631,3713.15272304927,470.757386674988,274.08816251053,280.75807636831,262.47559103354,413.461036596533,110.889371939765,0,42.5558929933631,68.1356659030025,0,43.5619869876958,52.4868760235196,0,0,0,0,0,0,0,0,0,0,0,0,0,45.0979496860577,0,37.6598465617025,0,73.9786403433461,0,0,0,0,0,315.949454054906,0,0,0,98.8824603644091,0,0,0,0,0,0,0,0,0,0,0,0,0,0,0,0,0,248.973264418931,0,337.505407792857,0,0,0,0
2172.88734211467,1533.55431455447,4202.31470689213,2273.03625589549,4141.01346678115,2850.51682034016,4971.82424826992,3725.46008902526,0,0,0,425.558942189435,110.159463136152,0,0,0,0,0,0,0,0,0,0,0,0,0,0,0,0,0,0,0,0,0,0,0,1893.88672984145,1886.58229331264,0,0,0,0,0,0,400.754282528599,0,0,379.646691796893,231.743292173073,0,436.903926415709,0,0,0,0,0,0,0,0,0,210.658986605334,0,0,0,912.596796261366,1799.98305886123,867.825067106271,631.941081676616
1913.75965810844,2415.47045749272,985.94513320443,1651.52690881641,2802.56204995024,2949.89421712628,2679.71065927695,1196.78021963852,0,630.857459658381,0,0,265.848155076838,0,134.871416719829,219.771105066453,0,0,0,0,0,0,0,0,0,1156.44754697856,0,601.816848011151,0,0,0,0,0,1857.16267719289,0,466.961498212063,2401.21590905169,1179.31479515506,1133.56951984421,1083.24467846165,1482.76149199378,460.599765741347,250.223196824389,197.765475840703,0,20.2152292891313,0,133.618909060658,0,0,0,81.8879383244998,48.1695042129217,649.926540881177,578.183746866782,0,0,0,0,0,0,534.910189049418,0,345.139324915755,1840.52846226133,2505.67308581013,203.121189828635,835.651049461098
1244.11669152835,3363.98021172024,2228.39968611586,1457.85407794228,464.828338325604,551.057588724796,6283.16530698619,1084.19433890628,0,0,0,287.775140483008,252.85584405207,0,0,0,0,0,0,0,0,0,0,0,3.10890654068618,1444.35800631641,0,210.466142460295,0,26.5087434859203,0,0,0,5989.18856747077,0,0,749.74535805589,1519.6482819827,914.165036562275,1652.71915531352,754.321550023211,0,126.542286475948,848.850616233596,899.2276776338,539.710239575769,539.083117518629,711.154897219928,200.758599412936,0,826.226013272217,0,464.101543899883,0,0,53.8898753733273,138.491868182002,171.580086580087,60.2689827503604,73.1861636133311,0,0,0,0,179.977182556095,2404.02565967697,854.001388516579,2311.09148153792
3156.19436830116,2921.11893397268,2699.87871435253,1653.88106506279,1282.96947423541,317.925863538413,1107.81694672477,215.16394680119,0,0,211.908707087431,523.361575676601,0,0,0,181.772970559324,0,0,0,0,0,0,0,0,0,0,0,0,0,0,0,0,0,0,0,0,0,0,0,0,0,0,0,0,0,0,0,0,0,0,0,0,0,0,0,0,0,0,0,0,0,0,0,0,363.976146293044,1126.79087617372,613.988611368863,525.917987448952
2235.25828287526,990.74538455573,1947.01902315672,1549.48310801638,588.876581092573,1290.26359192264,4234.34362784077,1242.81205485519,0,250.400673502606,0,0,0,0,0,0,0,0,0,0,0,0,0,0,492.72792180908,0,0,0,0,0,0,0,0,0,0,0,305.109918563448,1234.37717183628,587.172528578863,581.54832747927,0,0,0,0,0,228.667859399546,0,0,0,0,0,0,0,0,0,146.455690749259,0,1190.82223541194,0,0,0,1163.037892122,406.435074588899,0,269.114942864744,305.754607927901,207.944383857864,263.993902043629
695.923403611892,1359.38931137118,1421.92492961018,701.846728712197,62.6199171174906,567.734148330455,1345.57622513493,718.375150625954,0,149.129955559871,210.310066386712,0,0,0,0,0,0,0,0,0,0,0,0,0,0,0,0,0,0,0,24.9799511810264,0,0,160.910609207745,0,0,0,0,0,0,0,0,0,0,134.575381133416,0,0,0,0,0,0,119.992885298196,0,0,0,0,0,0,0,0,0,436.542076335878,0,0,161.474949768009,519.932135830158,80.1232330411322,334.802132264199
809.882926707244,1175.08296826243,724.393800380508,1263.88188612831,0,0,0,0,0,0,0,0,0,0,0,0,0,0,0,0,1018.51569331354,1143.07888675916,1294.34567181125,1017.75603381982,592.334921865493,0,0,30.0314589048799,0,0,0,0,0,0,0,0,1550.53268899483,688.284138187423,1463.998435784,1087.69089807128,0,0,0,0,1591.06097281779,0,0,0,34.0161830642181,0,0,0,0,0,0,0,27.1198634542277,22.2126166232197,29.9705160219651,0,0,0,0,0,39.0574899293267,0,86.6776100266137,0
3181.11988219806,1729.67939319041,2237.31868212909,555.621800470161,2155.94212094588,222.643506375377,422.94679933804,246.447090907315,45.334663517523,326.597881354901,0,0,0,0,0,0,0,0,0,0,0,0,0,0,0,0,0,0,125.371605457696,594.888192105287,302.300804108981,177.11985833748,0,457.927392935552,1330.85619983602,841.702289743851,0,0,0,0,264.153638852921,464.059932883928,177.914662676481,0,79.6617165834877,177.334723139025,180.865681293408,103.56777844268,0,626.865904258086,476.09403536058,308.425749993804,0,140.374678682515,47.7616857917745,336.184633552024,447.648477624186,1249.82225577453,451.808894005212,398.841915420964,0,0,171.054333708444,1475.39191969185,267.751928895561,342.487550187338,1506.44988241278,4017.39936528117
345.369490676665,1359.67252048111,148.11495105301,289.134045457494,1346.33175327115,896.790940975731,1310.99935699592,4955.81237156476,0,0,0,0,0,0,0,0,0,0,0,0,1811.27833053649,0,881.838386650521,1668.9204638574,164.062698011022,6714.89863499035,308.224842426383,0,345.784877279015,331.125192186141,0,0,0,0,0,7555.42751449575,660.444599019398,0,3059.49254524995,1768.13942768128,402.751889424253,382.921702392038,1617.86463660653,638.706641585126,332.301868156186,385.946758600997,672.446540817239,124.762527589714,972.124042727232,2864.62986006603,0,349.686071538057,294.261395746993,1529.49880663189,1213.86748664396,116.369618158116,0,146.937901145846,159.55679684536,0,0,0,0,0,7837.18872458768,7276.28278328969,8289.26111259482,5487.27953686308
4586.44071829726,3521.68157373209,3282.66475167631,2446.00560607402,2032.94753309856,1624.8948321447,427.958201532666,4194.05817724422,276.159555845343,0,0,552.435353291112,0,0,0,59.9270261343074,107.594713002263,0,0,0,0,0,0,0,0,1223.26911212996,65.566751317717,181.448950836218,1518.80400190865,311.889905072305,140.755418960797,287.424930095405,65.0942636289659,392.134949193483,218.114025997174,0,0,0,0,0,2411.59058629408,0,0,83.2968147659096,0,71.2454503986584,154.074558461897,61.0795364920158,508.140812340627,128.210127302637,179.699531659899,128.274632151557,0,1054.09799211773,0,0,0,0,0,0,126.804857696133,0,0,0,1205.79310727274,804.766874001613,413.98271484371,1386.1702582865
754.94620159324,750.734302784284,877.727388866008,999.344058959788,0,0,0,287.895353652509,123.836710473271,0,0,0,0,0,0,128.221036442278,0,0,0,0,0,0,0,0,8.07988325681587,1216.26037996105,0,0,0,0,0,0,0,0,0,0,581.174180781329,810.275382084588,753.663995301841,1200.63022548928,97.584708726514,0,0,173.604181282564,342.470222527505,167.71698043484,153.367583871138,128.004779053707,0,0,118.784052546449,0,0,0,0,0,0,36.8428161047979,34.1796362770572,71.1528881268824,0,0,159.792416149473,116.080660887177,446.876720059549,128.202131678002,413.422295560707,274.000811163939
1923.63800768256,681.288868689128,853.205803481313,1627.83403931011,541.367464173723,83.3640657160562,525.052596607704,0,0,0,0,255.583760158252,0,86.2762336877194,25.9088714554665,0,0,0,0,0,0,0,0,0,0,0,0,0,0,0,0,0,0,53.4514254030278,0,1487.23138943439,0,0,0,0,1034.94999165021,369.536895149038,327.951297719274,356.402916040714,335.564864720408,116.726694669706,118.288159546253,135.220879708936,0,189.629088877482,0,0,27.998881908726,0,0,0,0,0,0,0,0,0,0,0,75.5899187867997,453.11474387904,1261.25898700171,753.084254900947
1054.2805300931,2990.22949830141,2341.40099367117,3142.27053080664,283.729515549825,530.669237083364,1387.00100762483,168.271532895087,0,0,0,0,0,0,0,0,0,0,0,0,0,0,0,0,258.343455376506,0,1134.47453030775,785.048077594669,0,0,0,0,0,0,0,0,1833.14569526295,1846.99800764169,1103.33157059097,1655.34145215924,0,0,0,0,0,0,0,0,0,0,0,0,0,0,0,0,0,0,124.648568640503,164.472622851971,0,0,0,0,4929.8951394483,3310.57584625346,4285.11333502745,3503.89956585266
968.585576296499,1280.18604958758,854.078628802861,780.765093168719,786.015339227722,72.509043612748,461.300524455694,108.461153927005,0,0,128.154127424251,0,38.5842342269473,0,176.547376722693,0,0,0,0,0,0,0,0,0,0,0,0,0,228.302738832098,152.34992344332,154.441553728582,0,114.107697246659,53.9378620587649,54.9795436284848,55.9021628616809,0,0,0,0,0,0,0,0,207.752837035804,0,96.9364861001081,172.750576467011,216.172890596784,420.250478260267,249.056483905151,246.410370609452,0,40.8835730545372,0,566.40634707501,0,0,0,0,0,210.524187511092,0,0,1662.63050213699,330.034900304531,996.201423174356,1034.91922940451
1136.49911277173,1094.58133829164,4262.74843135763,1746.85350881168,2263.35152587718,249.385444609004,2093.15636156077,2498.62349754846,786.05888368218,565.373267031192,1812.37105595813,0,0,0,0,0,0,0,0,0,2144.28968521069,2159.09414489266,5632.02742016311,6215.78384215118,0,0,0,0,0,0,0,0,0,0,0,0,0,0,0,0,0,0,0,0,153.271633083631,25.2570799559089,139.490988306133,0,0,0,0,0,0,0,0,0,0,0,280.128570679516,0,0,0,0,0,381.40875096902,1109.21814068787,1376.85531730097,2231.59197364425
519.211348156517,888.801677055026,286.768878434499,361.587002561347,0,224.347821696319,12.5977472337559,73.344018488864,46.5383670993463,0,0,0,0,0,0,0,0,0,0,0,0,0,0,0,0,0,0,0,0,0,0,0,18.4388046943536,33.6448718519678,16.9750984256274,18.0830608294991,0,0,0,0,0,0,0,0,0,0,0,0,0,0,0,0,0,0,0,0,0,0,0,0,0,0,0,0,0,0,0,47.4980812280216
2212.26027114714,1247.87128134246,3063.91138900163,2769.12028906938,881.083824659637,1363.54906870018,1990.10407432377,181.833404542201,100.888061479157,96.937838762525,0,0,0,0,0,0,0,0,0,0,0,0,0,0,0,0,0,0,385.276518731098,127.195321118642,406.075526594804,319.533089942051,0,540.363976402118,0,0,0,0,0,0,64.9513832778565,0,0,0,0,41.8990700012615,0,0,0,0,0,0,0,103.680392023803,0,0,643.151643701606,0,625.651213757117,0,159.136281553947,0,611.254996849239,0,1420.55764627978,1225.82548658143,1530.67580100964,1181.4863136608
439.398816138077,509.859783453056,528.8144634897,1761.501470372,412.460036500048,625.687887077365,346.003852582776,668.233056736471,286.730143580732,203.615382635768,48.5197811928412,242.431498725916,0,0,0,0,0,0,0,0,0,0,0,0,0,0,109.548718242921,0,0,0,0,0,0,102.235665774852,0,0,0,0,0,402.999777110792,0,0,0,0,0,0,0,0,0,0,0,0,0,0,0,0,34.1588721595703,31.4392550111715,0,30.9565072440119,0,0,0,0,0,0,0,0
855.216458027679,1311.49084370294,921.581044678542,1487.660075494,795.586949108936,588.510234662651,515.067133243456,0,0,0,0,0,0,0,0,0,0,0,0,0,0,0,0,0,13.6960167149435,2.61574424866747,0,0,0,0,0,0,0,0,0,0,619.351956943034,566.725436995711,827.015670503323,451.745747583331,0,0,0,0,23.9449307272542,0,0,63.8088329786236,0,0,0,0,18.2366242571933,0,0,0,0,0,37.1608063724304,0,250.393699262031,0,0,0,963.717808679927,1140.61099142172,1137.64749278302,993.850207176075
325.911725745458,2001.21219071113,1694.82514996343,1870.17803470869,345.96399854774,57.228041595198,0,112.080316354981,0,204.795215738073,0,0,0,0,0,0,0,0,0,0,0,0,0,0,0,0,0,0,0,0,0,0,0,0,0,0,0,0,0,0,0,0,0,0,0,880.264770990195,205.016788808445,0,0,0,0,0,0,0,0,0,0,0,0,0,0,62.6107298307567,0,0,0,0,0,0
1092.16152854242,1363.28014312011,2738.10242911645,2571.08962926684,552.386710248841,4893.5413499037,1425.67230290122,5385.08451995725,0,0,0,30.3820880471593,0,0,0,50.9249147659352,0,0,0,0,0,0,0,0,0,0,0,0,917.037201922976,933.973682911055,405.561209425466,611.466510074855,2609.95804682961,180.91050936919,0,0,0,0,0,0,0,0,271.116184921703,0,0,41.6706830184892,42.7872565187768,126.035109530418,191.45892138413,0,191.971695198332,0,0,0,0,0,0,0,0,0,549.186991382765,1222.50999369848,141.298918841728,789.38442046884,1902.45768693808,1082.31707495889,349.123897295118,1090.85618980975
2454.26696196404,2988.21336238843,2717.72927806763,1719.83476844978,2357.45299009804,1464.97770875122,816.287345573031,3291.26125674515,0,0,0,130.414244260744,74.9034091880516,0,58.6649516536146,0,0,0,0,0,0,0,0,0,0,0,0,0,300.13203066427,416.723711387211,302.300804108981,277.487780377413,0,0,926.34596795761,0,0,0,0,0,0,0,326.978317483817,0,137.876058866522,176.094607056312,65.7693348401683,0,216.298001055704,0,0,0,349.873784029661,374.332476486706,0,0,746.080807873141,535.638129412501,602.411835913755,341.864489355935,0,0,0,0,57.375413984744,206.409906525475,54.0776854821938,0
0,309.420511464226,979.364783619167,732.876102209874,419.614336868861,0,3225.40258319928,0,0,0,181.870081655431,0,0,0,0,113.287586773759,0,0,0,0,0,0,0,0,499.37575114037,1202.50266797973,0,0,0,46.925050242373,332.867559114167,287.894864376284,0,0,0,16.8765558963823,1123.57732085472,1211.58902373171,3410.06486441671,988.196308176221,808.168058933013,412.794143484976,0,1104.83823124665,613.119801590773,236.889150987031,0,597.066931070964,0,0,0,0,0,0,50.2137065890123,0,139.865587637615,0,0,126.499273304149,0,0,0,0,5472.94322082785,3539.71461665858,9806.93161464178,4009.42655666266
1757.13358736859,1022.28454696206,1381.65860875155,1181.70946762136,1090.61057987025,268.924666832632,0,0,46.2038090116813,0,37.6674398143438,0,0,0,0,0,0,0,0,0,0,0,0,0,0,0,0,0,0,0,0,0,49.4301096295489,40.3866567000079,87.2757423810779,98.4387594376098,0,0,0,0,0,0,0,0,0,0,403.451018800708,0,0,0,0,0,0,0,0,0,0,0,0,0,0,0,0,0,0,0,0,0
569.978620697999,718.68189609966,1766.03447123423,0,14.0868285320535,662.159140596154,424.770154367791,234.080607459446,87.6758257858538,0,25.8420820073002,0,0,67.4217494844964,52.7798173342957,0,0,0,0,0,0,0,0,0,0,0,0,443.078519815962,0,25.2720451409316,0,0,0,0,6.42342584762797,14.0425254628588,454.427449009094,0,0,351.978535761221,80.6825425961969,57.9048806228499,0,0,8.21653033335161,149.625026482693,0,0,0,0,0,0,78.7629138751243,110.08244110584,0,135.797129557717,0,0,0,0,0,0,0,0,249.504739842702,688.0127189854,919.948305449981,357.517703611199
3867.87010158757,10388.6865640561,6758.61325211051,7931.28233234882,1067.84159997661,1420.41015481436,6218.49388227539,1540.62822457115,492.262113761193,525.466684936908,853.735529505683,912.058524951915,0,222.580936155137,554.260378170198,275.246442668391,0,0,0,0,627.215093081635,0,635.326956516927,742.387921930146,1342.15068326015,0,0,0,0,0,0,0,0,0,0,0,0,0,0,1351.58110703984,0,1806.50151063335,514.25796473296,0,729.567717728049,600.888908478773,668.443394747168,632.345480956241,0,0,0,0,201.228742296337,201.873224641404,220.631917710687,209.139107406245,419.954693456109,421.218698000012,427.994173984253,0,198.431450183342,555.474722703687,113.843015841711,0,1198.83745786155,1181.02288421908,1167.5967434248,4884.98613453932
923.573249277474,1002.81273701028,1168.24045901553,1792.69083682009,0,0,162.083108244141,77.0514932666473,0,24.2598872227607,0,46.9398925919067,0,0,0,16.5854382448449,0,0,0,0,0,0,0,0,0,0,19.2310570068522,79.4796863052211,0,0,0,0,0,0,0,0,1079.3397127555,0,846.299578218246,616.078700567733,0,0,0,0,0,0,0,0,0,0,0,0,0,0,0,0,0,0,0,0,0,0,74.2871263093838,0,355.561085198753,395.676967342345,331.504070284952,428.970189940462
2260.97939837952,2221.4062757883,1547.18448830627,30.7449576413758,92.2265612869576,202.243255858028,26.5398295779016,0,0,36.8492835953934,272.543493774383,0,17.6826323414054,18.9568242801584,0,0,0,0,0,0,0,0,0,0,0,0,0,0,0,0,0,0,0,0,0,0,354.84683845371,394.51007996258,811.462751510121,2249.41613067201,0,0,0,0,0,0,0,0,0,0,0,0,0,0,0,0,0,0,16.681834408613,21.093708446325,0,0,74.6025225873542,0,294.015281719865,301.408484811242,127.283565057815,3711.46454787794
887.152942776212,2667.87526542498,0,0,691.310249833803,6481.29153676112,4068.22587572671,5628.6637255776,320.437959197487,326.705914798136,0,0,157.220268294074,0,0,0,0,0,0,0,0,0,0,0,15.6381678730987,288.781063406619,4548.04659266549,530.395095607942,0,0,227.614586057819,169.897756271664,0,0,5017.96461440167,1135.09778470021,1728.51561879901,1681.94043898151,0,2583.73077346355,0,0,0,874.554816276626,276.797833121225,146.682372202739,162.574852129599,250.968117456559,0,379.61863774463,201.153217420607,842.11517727653,0,0,0,493.919696933745,0,121.538640692641,74.1717195067536,199.513160626465,95.8652018584267,866.446814757214,0,0,11342.0092818859,6620.48754989216,8854.74131930632,7949.85174256571
209.635093877897,13.8588570101647,325.759068569198,410.318224080407,0,0,0,226.110421643847,0,0,56.7328671243316,0,0,0,0,0,0,0,0,0,0,0,0,0,0,0,0,0,0,0,0,0,0,0,0,0,0,0,0,0,0,0,0,0,0,0,0,0,0,0,0,0,0,0,0,0,163.613205004724,0,0,300.001924555667,0,0,0,0,11.6963190061071,124.493819484799,0,16.0430807740482
1263.6870574623,1020.49492777271,1708.67636262809,3936.62080028041,3473.40373282088,3767.87294332668,1862.03750593193,6057.32063178777,0,0,0,0,0,0,0,0,0,0,0,0,0,0,0,0,0,0,117.297151759005,172.74636595362,0,0,0,0,76.1322405295182,0,430.767524722655,0,0,310.592850707232,710.169295152417,1047.80978665845,31.9731562569118,0,0,0,93.1568410658628,97.6085026567655,0,0,0,0,0,0,0,0,0,0,0,0,419.783519944674,0,0,0,0,0,19.757056855694,0,1000.7356997563,217.718157563233
2270.1912105486,2155.85925657887,3696.87153389324,3092.06223299124,133.492846303532,260.789445342025,0,496.48134191176,125.532675160561,22.0435197940542,234.163724942847,84.7227160300261,56.4271375083654,76.3567745922956,152.011630207346,42.277735188277,0,0,0,0,0,0,0,0,0,0,0,0,0,0,0,0,0,0,0,0,449.929750000584,663.136600312359,107.672015962526,508.432666017252,106.706709012095,431.813605930942,0,196.358694952552,209.175488845802,271.431383482163,238.068683732955,130.811998927513,0,0,0,0,0,0,0,0,0,0,0,0,133.507388998179,0,130.258889021835,0,730.381120411021,175.786534211674,294.761075341109,208.321339142095
1593.06451529492,2903.04071747121,480.999789406653,975.964538725625,2388.69924634524,2314.09708405264,317.962765055904,0,350.29808920549,0,0,0,17.6859537113319,0,0,20.4609016491338,0,0,0,0,0,0,0,0,163.983451305634,0,796.819206934647,0,45.1338202798021,97.4581268965164,28.6760481297982,197.247265184609,5133.45792367293,0,0,0,1399.14030086408,0,0,0,219.974877957055,0,0,0,0,185.915345880707,25.6723552119353,0,225.245792373546,0,0,381.105609255471,10.9137242974339,0,0,0,0,0,0,0,0,0,0,0,980.888612127113,723.630104671957,2986.71221817215,1723.6362362323
1766.31912103199,1801.66304228237,1176.87608459215,1407.59744091474,29.8587364943853,971.01698620814,1921.53689421786,742.509906578443,0,0,0,0,0,0,0,0,65.1154489814997,0,0,0,0,0,0,0,0,0,0,0,381.585963355925,637.538605267717,303.146773167027,98.6236325923044,0,15.9626915741666,0,84.6225470069136,0,0,0,0,310.932742795105,129.830847917573,0,218.22333223974,41.8990700012615,0,42.7872565187768,42.0117031768061,0,0,0,211.725338475261,0,0,500.987472597295,0,0,0,0,0,0,1624.52773977323,0,580.785605071916,381.33896164248,0,38.3184735335194,752.314576844285
556.607587407953,99.7310493821201,772.746379968218,1462.34993481853,1040.07945398132,1217.13616941069,39.3153296620528,1161.68433378847,0,0,711.615784068449,0,0,0,0,0,0,0,0,466.243737962331,0,0,0,0,546.611467525464,0,169.640580462645,561.695756279031,943.707207831058,0,0,0,1513.01915758238,1064.1794188299,0,633.584181239296,769.527125719958,2443.95907316801,1453.11481280037,0,0,0,0,267.212246875805,193.38031901258,584.992280076078,236.975582569651,790.14318765429,0,84.2104356339375,0,0,0,0,0,0,0,0,0,0,0,0,0,157.296108733205,1694.83984141283,1614.09139267537,972.863488145671,576.774503829615
2410.41593174194,943.02230508684,708.40244437628,1074.76556716882,61.3630190715781,78.0436519037037,489.365755536216,923.707238363551,0,0,0,0,0,98.7906351542469,0,0,0,0,0,0,0,0,0,0,341.004550792847,0,224.220902637024,0,0,0,190.860145045542,287.864171595773,0,76.7369959621974,0,0,938.264283818146,0,0,1028.16088333646,0,0,0,311.356880434653,100.314484546466,0,71.4566157389935,570.705777334467,0,0,0,0,242.531775779623,41.0704037197985,244.878366723116,38.8479336422635,0,0,0,93.2568427560551,0,0,0,0,672.500018089753,805.161160235987,1693.50117658175,553.743025605368
1496.57699468212,1598.31936580528,1262.97566386859,2104.31650013092,91.8429314541327,132.068628722245,275.080704873271,1491.4798416106,217.569310666518,0,0,0,0,0,0,182.205220169641,0,0,0,0,0,0,0,0,1765.44027189001,88.2413966074817,449.292958689139,366.573713543546,0,880.71670770087,0,0,0,0,0,0,1633.62191374893,0,0,1965.22897926309,0,0,0,251.635377779815,0,0,245.684423971668,0,0,0,0,0,0,0,1284.37527442699,0,0,0,0,0,0,0,111.629997550882,0,172.256952718087,1327.80966943108,203.013521679672,0
1854.51439244043,776.122859759279,1646.68593359907,954.030952744157,931.328293564423,316.658892028584,0,199.502890355363,0,0,0,252.907336658857,0,0,0,0,0,356.294711618791,0,0,0,0,0,0,1517.80116433015,1833.22714978977,777.18248805161,759.572638435087,0,0,0,0,0,0,0,0,0,1442.87429220129,1366.07640601415,0,927.006097965019,0,0,0,0,0,0,0,259.501338632508,0,860.384233212613,246.747823542779,0,0,0,0,0,0,0,0,330.138493860303,0,0,623.340145709267,230.021458289632,0,2134.85597703679,306.645464353664
2720.66340648084,8019.87731906204,6421.39926108128,8005.1352227025,0,24.0182135211614,1611.27837804355,400.541370061023,0,1063.45456937096,854.952263337462,1626.80532112377,191.589900537684,699.355703694009,189.306141470713,789.304906460715,0,1210.31085808149,0,0,0,0,0,0,326.238689086356,2466.08667486969,70.1520073806557,784.060042659842,175.969693683382,0,454.374700657073,0,0,0,0,0,2812.45101733562,2852.67862473435,1638.25030011863,3045.70412147425,0,1189.64244048786,0,0,0,378.388718662787,0,154.947132541379,0,0,0,0,0,184.176471307912,0,0,0,413.13562589462,1036.12188561681,0,0,818.830889629217,304.7922178536,198.338276270012,494.277218064875,350.447561228374,1036.0187600109,512.607494826639
1944.54000375211,66.4516304414051,1553.64792983899,287.261763915373,0,1123.48689716785,395.144215629843,144.957989810522,0,0,0,0,0,0,0,0,0,0,0,0,0,0,0,0,317.970969332137,0,0,22.0377416488213,53.0069215540404,0,138.130519710041,0,513.556853108062,10237.2152800995,326.812865978663,314.398888178687,0,0,0,1537.81519269425,396.615480743343,173.114777504039,63.6566496051872,0,0,266.193945961105,317.617110869354,6.61198288520403,0,0,0,0,0,0,798.136535497413,0,0,0,0,0,0,0,0,0,0,80.0099155707576,347.982758955724,60.6729173589567
297.087472911256,0,0,425.744761150749,239.908289548303,103.098150043112,0,57.4778596102173,0,0,0,0,0,0,0,0,0,0,0,0,0,0,0,0,2050.29203509551,0,0,0,0,0,243.870394090477,0,0,0,0,0,107.48898092415,0,632.830636189237,0,0,0,537.984806450925,0,140.364992686293,161.560264190112,0,167.627828064993,0,0,323.278825223787,0,39.9221926638864,0,339.155216876375,12.8033106583627,0,0,0,502.313541959674,0,0,0,0,658.796051741813,0,819.984430798177,0
4003.60735116639,3222.81089381651,3889.75185131602,3053.65439953317,666.41189457328,773.236111420032,0,638.642913017072,93.8534853510105,0,73.8581622876611,0,81.5653377362156,317.551298024375,0,0,0,0,0,0,0,0,0,0,668.573492726558,653.77502307958,653.78267358838,425.558660331861,0,0,0,0,0,0,0,0,3762.11434979752,1599.26161427718,1054.71770405259,1024.32450165226,2205.31081203322,233.677952315423,87.2869929695611,0,224.583995590906,109.389763157681,0,51.8848063748873,0,0,0,0,904.903046198412,1918.37564768593,1043.5544794356,2048.52941191797,124.095049947428,0,0,0,186.552159434172,0,554.218678052498,0,0,3081.11924592722,1388.68331133571,1757.04216260512
1062.53038197965,815.850409381144,573.530154887393,290.538736161604,1612.76838308243,207.246008761604,264.716893914739,0,0,53.1553754896068,0,86.8981107269527,18.3531188152908,38.4553517920279,0,13.1301125309674,0,0,99.6014346507965,98.3341236307006,0,0,0,0,0,0,0,0,0,0,0,0,0,0,0,162.581760621118,0,0,0,0,0,0,0,0,63.214142235415,239.190115733965,0,0,0,0,153.425555630914,0,20.4142973884904,23.4587332180005,22.5545759577674,22.8939939966519,0,0,124.92509481516,0,0,0,0,0,117.130801077029,50.3670821900707,119.954034332504,0
1306.72997576072,1237.57079655951,661.144191130475,454.191062562038,2499.31810782338,2080.68222567456,2159.14547312846,3391.25684739732,699.225566147185,0,95.1355167959075,0,95.4690375087579,0,0,0,0,0,0,0,0,0,0,0,0,0,213.430116602084,0,0,0,0,0,0,0,0,0,620.149849591079,1820.82974567745,1155.56936289422,1162.08523743488,172.982035288367,133.297369453616,136.398880266612,0,265.223474338107,247.021009780945,492.802522669221,439.953246517604,0,0,0,0,363.563228880422,100.330502453401,57.3096767635687,100.383055061215,126.890555750661,96.3398098881203,0,0,140.183381121677,0,0,0,8996.41309617148,6159.36506012132,11501.0864953832,21059.0263706998
1962.07546757418,2119.21034880324,1161.65226452791,1577.09474974741,2468.23003689846,580.355859872962,1339.93983520359,0,0,299.820217009371,1422.66342209907,0,0,0,0,0,0,0,0,0,0,0,0,0,0,0,0,0,0,0,0,0,0,0,251.713173959079,0,0,0,0,0,0,0,0,0,0,0,0,0,0,0,0,0,0,0,0,0,0,69.9611827210384,59.7473916715062,0,0,0,0,0,577.438773039223,830.298098594521,907.738534223028,667.809847330858
461.107306822824,585.44498995569,695.729004815391,41.8981163884847,425.042995076339,1273.23407089604,0,0,0,0,234.823207208042,0,0,0,46.3682614699538,0,0,0,0,0,0,0,0,0,0,0,0,0,0,0,0,0,56.5437149194298,180.056311463372,31.2367231565269,138.908556335354,0,0,0,0,0,0,0,0,56.5700969432805,69.8401230050631,72.1668381096302,0,58.7524421192625,0,394.242804446337,0,0,0,0,0,280.380386875011,0,0,0,0,451.14510842491,268.086807258574,0,879.545278312135,139.228351916159,579.993079220938,1519.53056618101
1299.57649426395,939.975549909828,1964.73061871048,385.561153874443,515.685928626816,1166.27077520397,1114.00979797707,2654.29571784601,31.7644713384011,0,0,0,0,0,0,0,0,0,0,0,0,0,0,0,0,546.07474180574,497.582646349999,75.4462964119472,228.274301781394,0,0,0,342.046887995145,751.241643532606,1629.20037335312,0,300.328406890546,1650.53123997636,1757.91735491243,952.371355608083,0,30.5385103602582,90.0764255785761,0,311.26890958163,0,185.882565554614,19.8358328119913,0,0,87.8501078730715,0,323.213658208041,0,0,0,35.280403826554,38.6942861924256,0,34.2968706149898,0,0,0,0,5474.01897613422,6019.54159658251,5428.80280670847,3790.69109088562
433.261090620665,727.735019505745,889.538984717413,6093.1035001697,278.443133580993,1262.06021336529,2831.14788515434,0,836.700745095649,307.695470719453,0,0,0,0,104.458094353907,0,0,0,41.069460092203,0,362.915903936068,121.006371715644,463.773930800831,0,304.162125457748,254.823233419122,115.318922279797,183.450156606776,0,69.8192720701637,306.055486034793,0,0,0,0,0,2287.74458042913,2108.71017058977,0,5492.95994794798,0,0,0,0,186.840736762028,314.759040260074,237.984732082812,172.880416241343,532.747787072573,542.052241415731,0,710.04512011895,0,0,103.405025020598,0,0,87.0134752520809,0,93.2990298467045,5459.16256970874,0,458.195751296705,0,1604.06168253158,1665.99223335228,2764.06674800994,3435.74522731163
941.623104759818,1018.04991525111,1514.33727599548,1876.58577455926,0,0,566.102520925185,297.479825093224,0,0,391.154871880896,44.6482352877285,0,0,67.0968641861773,0,0,0,0,0,0,0,0,0,0,0,0,0,11.2326638382994,0,0,0,0,0,0,0,0,0,0,0,0,130.498218454978,0,74.7966884596225,0,0,25.3830281082062,60.9890425398773,0,0,0,0,0,0,0,0,0,0,0,0,0,204.165437658271,432.005476764194,221.780047591317,0,0,0,0
